Year,League,Rank,Team,All-Games,Win,Lose,Draw,Win-Prob,Batting-Average,Bats,Points,Hits,Double,Triple,HR,RBI,Steal,Protection-Ratio,Whole-Pitch,Strike-Outs,Lost-Points
1950,central,2,中日ドラゴンズ,137,89,44,4,.669,.274,4787,745,1311,229,54,144,693,179,3.73,72,558,597
1950,central,7,国鉄スワローズ,138,42,94,2,.309,.244,4626,480,1131,142,37,66,436,104,4.67,42,551,790
1950,central,5,大洋ホエールズ,140,69,68,3,.504,.273,4972,759,1356,258,35,111,694,180,4.47,60,467,761
1950,central,4,大阪タイガース,140,70,67,3,.511,.270,4960,766,1337,234,46,120,706,147,4.19,60,352,696
1950,central,8,広島カープ,138,41,96,1,.299,.243,4703,511,1145,162,37,81,463,74,5.20,59,401,877
1950,central,1,松竹ロビンス,137,98,35,4,.737,.287,4939,908,1417,179,49,179,825,223,3.23,71,438,524
1950,central,6,西日本パイレーツ,136,50,83,3,.376,.261,4731,633,1233,175,42,106,583,165,4.66,57,326,759
1950,central,3,読売ジャイアンツ,140,82,54,4,.603,.268,4831,724,1297,208,27,126,673,212,2.90,89,632,522
1951,central,2,名古屋ドラゴンズ,113,62,48,3,.564,.272,3825,526,1039,164,33,67,474,161,3.47,48,351,523
1951,central,5,国鉄スワローズ,107,46,59,2,.438,.2454,3537,389,868,111,16,36,349,142,3.96,35,498,533
1951,central,6,大洋ホエールズ,108,40,64,4,.385,.253,3727,502,943,141,17,86,451,66,4.84,38,239,620
1951,central,3,大阪タイガース,116,61,52,3,.540,.269,3980,545,1069,170,34,78,502,68,3.26,47,294,465
1951,central,7,広島カープ,99,32,64,3,.333,.2449,3393,402,831,154,28,42,362,61,4.62,43,240,555
1951,central,4,松竹ロビンス,115,53,57,5,.482,.268,4062,609,1087,147,29,105,556,120,4.41,40,307,598
1951,central,1,読売ジャイアンツ,114,79,29,6,.731,.291,3950,702,1151,191,34,92,632,192,2.62,63,436,381
1952,central,3,名古屋ドラゴンズ,120,75,43,2,.636,.264,4136,569,1093,169,28,77,525,150,2.82,51,373,430
1952,central,5,国鉄スワローズ,120,50,70,0,.417,.238,3946,410,940,121,22,67,371,154,3.38,39,546,526
1952,central,4,大洋ホエールズ,120,58,62,0,.483,.248,4134,519,1027,178,35,57,462,160,3.68,54,277,548
1952,central,2,大阪タイガース,120,79,40,1,.664,.268,4186,600,1122,182,40,61,547,104,2.77,54,339,400
1952,central,6,広島カープ,120,37,80,3,.316,.233,3963,365,925,139,24,29,333,44,3.83,35,297,573
1952,central,7,松竹ロビンス,120,34,84,2,.288,.223,4084,326,912,149,20,53,303,127,4.05,53,381,573
1952,central,1,読売ジャイアンツ,120,83,37,0,.692,.292,4175,650,1219,203,34,77,598,136,2.45,56,498,389
1953,central,3,名古屋ドラゴンズ,130,70,57,3,.551,.251,4271,524,1072,179,31,66,479,125,3.24,41,455,508
1953,central,6,国鉄スワローズ,125,45,79,1,.363,.235,4103,380,963,142,29,55,346,129,3.36,34,548,525
1953,central,5,大洋松竹ロビンス,130,52,77,1,.403,.246,4461,467,1099,161,30,63,417,109,4.10,43,482,622
1953,central,2,大阪タイガース,130,74,56,0,.569,.270,4453,607,1203,188,43,87,563,134,3.15,48,352,471
1953,central,4,広島カープ,130,53,75,2,.414,.242,4354,507,1055,184,18,73,456,174,4.00,38,343,634
1953,central,1,読売ジャイアンツ,125,87,37,1,.702,.283,4324,667,1222,221,27,80,616,114,2.48,68,488,392
1954,central,1,中日ドラゴンズ,130,86,40,4,.683,.256,4270,510,1093,177,30,70,469,132,2.32,64,639,376
1954,central,5,国鉄スワローズ,130,55,73,2,.430,.258,4344,434,1121,153,28,61,401,105,3.34,50,630,518
1954,central,6,大洋松竹ロビンス,130,32,96,2,.250,.227,4338,365,985,167,18,68,333,51,4.13,52,516,625
1954,central,3,大阪タイガース,130,71,57,2,.555,.266,4388,569,1167,168,35,68,515,205,2.78,29,370,425
1954,central,4,広島カープ,130,56,69,5,.448,.245,4239,419,1039,179,17,55,389,120,3.81,64,352,581
1954,central,2,読売ジャイアンツ,130,82,47,1,.636,.271,4438,613,1201,187,37,88,579,124,2.38,56,570,385
1955,central,2,中日ドラゴンズ,130,77,52,1,.597,.238,4281,420,1017,179,31,64,386,130,2.02,58,735,334
1955,central,5,国鉄スワローズ,130,57,71,2,.445,.228,4301,424,979,152,22,93,389,106,2.69,53,684,428
1955,central,6,大洋ホエールズ,130,31,99,0,.238,.209,4245,290,886,124,14,51,265,51,3.69,38,521,578
1955,central,3,大阪タイガース,130,71,57,2,.555,.251,4399,423,1104,155,27,51,377,138,2.49,37,654,392
1955,central,4,広島カープ,130,58,70,2,.453,.226,4330,395,979,146,25,64,361,141,3.29,56,473,508
1955,central,1,読売ジャイアンツ,130,92,37,1,.713,.266,4436,579,1179,156,38,84,540,133,1.75,61,635,291
1956,central,3,中日ドラゴンズ,130,74,56,0,.569,.228,4142,369,945,157,28,52,345,71,2.03,69,698,319
1956,central,4,国鉄スワローズ,130,61,65,4,.485,.218,4265,346,929,132,40,58,316,79,2.64,33,736,405
1956,central,6,大洋ホエールズ,130,43,87,0,.331,.208,4312,319,895,126,20,74,296,52,3.15,50,592,483
1956,central,2,大阪タイガース,130,79,50,1,.612,.224,4240,386,950,149,44,54,341,165,1.77,31,665,283
1956,central,5,広島カープ,130,45,82,3,.358,.213,4184,344,891,128,27,60,319,101,3.04,42,501,491
1956,central,1,読売ジャイアンツ,130,82,44,4,.646,.258,4426,568,1143,183,35,100,532,111,2.08,52,642,351
1957,central,3,中日ドラゴンズ,130,70,57,3,.550,.219,4219,404,925,148,23,63,373,106,2.26,54,807,347
1957,central,4,国鉄スワローズ,130,58,68,4,.462,.226,4242,418,960,139,30,83,389,144,2.74,44,688,425
1957,central,6,大洋ホエールズ,130,52,74,4,.415,.229,4248,355,973,141,27,63,327,42,3.10,48,726,486
1957,central,2,大阪タイガース,130,73,54,3,.573,.240,4261,462,1022,147,37,68,411,143,2.38,49,636,375
1957,central,5,広島カープ,130,54,75,1,.419,.214,4260,352,912,150,17,65,323,88,2.78,41,550,436
1957,central,1,読売ジャイアンツ,130,74,53,3,.581,.241,4299,471,1034,180,42,93,442,82,2.39,37,735,393
1958,central,3,中日ドラゴンズ,130,66,59,5,.527,.233,4286,423,997,170,23,86,384,155,2.40,54,745,381
1958,central,4,国鉄スワローズ,130,58,68,4,.462,.223,4266,359,953,131,43,59,317,123,3.10,38,687,478
1958,central,6,大洋ホエールズ,130,51,73,6,.415,.215,4382,357,944,144,26,78,340,57,2.75,42,793,436
1958,central,2,大阪タイガース,130,72,58,0,.554,.238,4227,444,1008,168,42,88,409,120,2.55,55,645,387
1958,central,5,広島カープ,130,54,68,8,.446,.222,4363,407,969,162,42,80,381,85,2.92,29,614,459
1958,central,1,読売ジャイアンツ,130,77,52,1,.596,.253,4285,521,1082,190,36,101,483,130,2.37,44,730,370
1959,central,3,中日ドラゴンズ,130,64,61,5,.512,.2374,4288,477,1018,163,27,106,443,131,2.77,34,724,428
1959,central,4,国鉄スワローズ,130,63,65,2,.492,.230,4292,422,987,168,44,62,388,86,3.19,43,739,491
1959,central,6,大洋ホエールズ,130,49,77,4,.392,.214,4233,352,906,140,28,73,330,81,3.47,49,742,514
1959,central,2,大阪タイガース,130,62,59,9,.512,.2369,4355,388,1032,176,40,76,360,81,2.37,49,805,362
1959,central,5,広島カープ,130,59,64,7,.481,.218,4252,401,926,164,30,71,376,82,2.62,39,707,414
1959,central,1,読売ジャイアンツ,130,77,48,5,.612,.245,4310,551,1055,137,49,117,509,119,2.54,49,723,382
1960,central,5,中日ドラゴンズ,130,63,67,0,.485,.2295,4209,436,966,161,35,87,401,160,3.08,34,688,454
1960,central,6,国鉄スワローズ,130,54,72,4,.431,.232,4315,388,1000,161,27,73,361,107,3.0854,42,756,461
1960,central,1,大洋ホエールズ,130,70,56,4,.554,.2302,4156,411,957,169,35,60,381,149,2.32,29,836,361
1960,central,3,大阪タイガース,130,64,62,4,.508,.242,4250,436,1028,179,47,87,400,115,2.62,42,717,403
1960,central,4,広島カープ,130,62,61,7,.504,.2296,4289,426,985,152,36,84,381,97,2.70,32,612,403
1960,central,2,読売ジャイアンツ,130,66,61,3,.519,.229,4218,444,967,153,34,106,416,99,3.0852,41,693,459
1961,central,2,中日ドラゴンズ,130,72,56,2,.562,.241,4251,427,1024,156,30,79,389,88,2.48,43,747,385
1961,central,3,国鉄スワローズ,130,67,60,3,.527,.2274,4304,387,979,151,23,58,363,67,2.29,49,638,361
1961,central,6,大洋ホエールズ,130,50,75,5,.404,.236,4295,418,1012,151,23,76,395,119,3.10,21,713,485
1961,central,5,広島カープ,130,58,67,5,.465,.239,4298,417,1026,174,25,74,396,49,3.11,30,602,464
1961,central,1,読売ジャイアンツ,130,71,53,6,.569,.2265,4228,435,958,165,30,89,406,78,2.50,23,675,383
1961,central,4,阪神タイガース,130,60,67,3,.473,.244,4322,405,1053,164,30,80,382,103,2.60,47,712,411
1962,central,3,中日ドラゴンズ,133,70,60,3,.538,.249,4504,469,1123,158,26,107,438,68,2.68,50,645,407
1962,central,6,国鉄スワローズ,134,51,79,4,.392,.201,4409,313,886,138,18,60,294,54,2.61,51,737,421
1962,central,2,大洋ホエールズ,134,71,59,4,.546,.242,4466,428,1079,173,18,100,401,61,2.73,26,915,438
1962,central,5,広島カープ,134,56,74,4,.431,.239,4477,436,1068,154,28,75,406,66,3.30,37,634,493
1962,central,4,読売ジャイアンツ,134,67,63,4,.515,.232,4521,452,1050,188,30,102,428,85,2.47,34,754,395
1962,central,1,阪神タイガース,133,75,55,3,.577,.223,4359,386,970,155,26,64,355,68,2.03,54,825,330
1963,central,2,中日ドラゴンズ,140,80,57,3,.584,.246,4666,529,1149,177,18,120,494,116,2.84,44,519,461
1963,central,4,国鉄スワローズ,140,65,73,2,.471,.241,4620,472,1113,168,24,95,449,101,3.15,41,727,489
1963,central,5,大洋ホエールズ,140,59,79,2,.428,.237,4532,448,1072,170,11,110,427,73,3.29,34,649,540
1963,central,6,広島カープ,140,58,80,2,.420,.253,4755,515,1205,187,20,92,487,76,3.83,38,568,604
1963,central,1,読売ジャイアンツ,140,83,55,2,.601,.247,4616,611,1140,161,31,143,568,153,2.57,52,614,432
1963,central,3,阪神タイガース,140,69,70,1,.496,.239,4614,472,1103,180,25,95,454,79,3.20,46,595,521
1964,central,6,中日ドラゴンズ,140,57,83,0,.407,.254,4749,492,1204,199,25,114,472,111,3.63,38,561,596
1964,central,5,国鉄スワローズ,140,61,74,5,.452,.2424,4694,486,1138,167,15,117,456,101,3.43,45,676,545
1964,central,2,大洋ホエールズ,140,80,58,2,.580,.255,4718,556,1204,197,16,134,535,71,3.03,36,690,496
1964,central,4,広島カープ,140,64,73,3,.467,.2420,4676,465,1132,159,20,98,452,116,3.30,37,580,508
1964,central,3,読売ジャイアンツ,140,71,69,0,.507,.235,4576,560,1077,161,22,147,538,128,3.01,48,614,472
1964,central,1,阪神タイガース,140,80,56,4,.588,.240,4579,492,1101,174,19,114,467,97,2.75,60,663,434
1965,central,6,サンケイスワローズ,140,44,91,5,.326,.221,4571,332,1010,139,20,64,316,53,3.42,29,590,533
1965,central,2,中日ドラゴンズ,140,77,59,4,.566,.247,4682,510,1158,161,31,100,478,130,2.60,32,702,431
1965,central,4,大洋ホエールズ,140,68,70,2,.493,.244,4612,518,1127,186,17,136,494,85,2.81,29,729,470
1965,central,5,広島カープ,140,59,77,4,.434,.230,4586,394,1057,142,21,72,363,85,2.84,22,610,451
1965,central,1,読売ジャイアンツ,140,91,47,2,.659,.246,4598,536,1133,143,24,106,504,109,2.54,34,719,404
1965,central,3,阪神タイガース,140,71,66,3,.518,.220,4488,393,989,168,25,94,376,86,2.47,60,669,394
1966,central,6,サンケイアトムズ,135,52,78,5,.400,.214,4359,364,935,132,31,86,339,52,3.16,35,549,475
1966,central,2,中日ドラゴンズ,132,76,54,2,.585,.253,4435,521,1124,177,26,123,497,80,2.54,36,639,400
1966,central,5,大洋ホエールズ,130,52,78,0,.400,.247,4347,428,1072,177,17,116,410,59,3.74,25,583,557
1966,central,4,広島カープ,136,57,73,6,.438,.234,4465,420,1044,136,20,78,395,44,3.45,35,636,512
1966,central,1,読売ジャイアンツ,134,89,41,4,.685,.243,4352,559,1058,152,27,114,529,148,2.24,54,638,335
1966,central,3,阪神タイガース,135,64,66,5,.492,.233,4401,386,1024,157,20,81,365,48,2.52,54,672,399
1967,central,5,サンケイアトムズ,135,58,72,5,.446,.240,4500,503,1082,177,28,120,474,46,3.68,29,630,548
1967,central,2,中日ドラゴンズ,134,72,58,4,.554,.248,4495,541,1115,197,24,148,516,67,3.31,34,666,521
1967,central,4,大洋ホエールズ,135,59,71,5,.454,.2449,4429,477,1085,194,11,130,445,51,3.28,23,725,511
1967,central,6,広島カープ,138,47,83,8,.362,.225,4596,422,1035,148,17,82,399,66,3.41,28,682,536
1967,central,1,読売ジャイアンツ,134,84,46,4,.646,.265,4434,595,1175,165,23,162,555,125,2.87,51,726,430
1967,central,3,阪神タイガース,136,70,60,6,.538,.2446,4476,429,1095,158,29,101,406,41,2.60,46,862,421
1968,central,4,サンケイアトムズ,134,64,66,4,.492,.239,4479,497,1069,153,24,130,477,67,3.28,28,701,497
1968,central,6,中日ドラゴンズ,134,50,80,4,.385,.246,4610,499,1134,187,16,142,474,57,3.72,32,805,579
1968,central,5,大洋ホエールズ,133,59,71,3,.454,.236,4418,483,1044,166,23,131,455,63,3.71,22,756,558
1968,central,3,広島東洋カープ,134,68,62,4,.523,.224,4318,420,966,151,11,112,402,104,2.91,47,841,449
1968,central,1,読売ジャイアンツ,134,77,53,4,.592,.262,4529,652,1186,189,36,177,628,133,3.35,39,728,496
1968,central,2,阪神タイガース,133,72,58,3,.554,.229,4419,447,1014,174,22,119,432,34,2.67,64,987,419
1969,central,5,アトムズ,130,58,69,3,.457,.244,4304,495,1050,175,9,139,475,45,3.71,22,694,569
1969,central,4,中日ドラゴンズ,130,59,65,6,.476,.231,4356,463,1008,163,23,145,438,56,3.11,27,741,470
1969,central,3,大洋ホエールズ,130,61,61,8,.500,.239,4331,444,1034,175,15,125,424,39,3.19,28,827,470
1969,central,6,広島東洋カープ,130,56,70,4,.444,.221,4235,414,938,117,6,121,383,101,3.24,33,734,483
1969,central,1,読売ジャイアンツ,130,73,51,6,.589,.263,4425,599,1163,181,15,147,570,89,3.30,48,805,472
1969,central,2,阪神タイガース,130,68,59,3,.535,.222,4283,402,952,141,14,114,385,34,2.41,47,847,353
1970,central,6,ヤクルトアトムズ,130,33,92,5,.264,.215,4214,336,907,130,23,69,319,62,3.78,16,614,552
1970,central,5,中日ドラゴンズ,130,55,70,5,.440,.234,4246,435,994,141,22,118,407,55,3.20,34,642,462
1970,central,3,大洋ホエールズ,130,69,57,4,.548,.241,4195,436,1011,155,17,106,408,54,2.75,36,736,399
1970,central,4,広島東洋カープ,130,62,60,8,.508,.226,4175,393,945,117,14,108,377,109,3.00,40,702,421
1970,central,1,読売ジャイアンツ,130,79,47,4,.627,.240,4261,499,1023,164,17,131,474,77,2.46,52,839,365
1970,central,2,阪神タイガース,130,77,49,4,.611,.245,4300,435,1053,173,20,110,411,54,2.36,54,878,335
1971,central,6,ヤクルトアトムズ,130,52,72,6,.419,.234,4241,427,993,168,22,94,403,81,3.03,37,618,451
1971,central,2,中日ドラゴンズ,130,65,60,5,.520,.226,4218,437,954,146,16,127,420,104,2.97,25,590,425
1971,central,3,大洋ホエールズ,130,61,59,10,.5083,.216,4166,363,898,121,13,82,338,78,2.31,22,682,354
1971,central,4,広島東洋カープ,130,63,61,6,.5080,.233,4189,422,976,139,10,89,400,104,3.11,27,645,444
1971,central,1,読売ジャイアンツ,130,70,52,8,.574,.253,4261,538,1077,178,25,123,511,149,2.94,43,755,434
1971,central,5,阪神タイガース,130,57,64,9,.471,.220,4170,333,919,108,10,101,320,68,2.76,40,726,412
1972,central,4,ヤクルトアトムズ,130,60,67,3,.472,.2536,4313,530,1094,196,27,115,499,102,3.73,34,618,543
1972,central,3,中日ドラゴンズ,130,67,59,4,.532,.232,4256,452,988,140,20,123,429,55,3.29,30,591,491
1972,central,5,大洋ホエールズ,130,57,69,4,.452,.242,4274,481,1036,150,15,135,466,44,3.66,27,632,523
1972,central,6,広島東洋カープ,130,49,75,6,.395,.250,4372,482,1092,171,9,117,469,73,3.57,40,700,522
1972,central,1,読売ジャイアンツ,130,74,52,4,.587,.2544,4311,587,1097,138,17,158,562,102,3.43,52,741,492
1972,central,2,阪神タイガース,130,71,56,3,.559,.239,4317,470,1032,168,18,125,449,45,3.00,35,692,431
1973,central,4,ヤクルトアトムズ,130,62,65,3,.488,.228,4189,377,957,148,16,78,359,60,2.60,33,720,406
1973,central,3,中日ドラゴンズ,130,64,61,5,.512,.242,4248,441,1027,152,10,108,419,82,2.98,45,546,433
1973,central,5,大洋ホエールズ,130,60,64,6,.484,.243,4318,423,1049,140,9,125,399,45,3.30,36,599,480
1973,central,6,広島東洋カープ,130,60,67,3,.472,.223,4198,390,938,135,18,104,365,59,3.04,31,700,436
1973,central,1,読売ジャイアンツ,130,66,60,4,.524,.253,4318,565,1094,150,17,149,540,77,3.25,53,768,470
1973,central,2,阪神タイガース,130,64,59,7,.520,.234,4263,433,998,135,11,115,417,41,2.82,46,679,404
1974,central,3,ヤクルトスワローズ,130,60,63,7,.488,.233,4225,453,986,167,17,111,426,94,3.14,42,646,458
1974,central,1,中日ドラゴンズ,130,70,49,11,.588,.264,4310,561,1137,186,13,150,538,61,3.75,31,633,537
1974,central,5,大洋ホエールズ,130,55,69,6,.444,.265,4354,528,1155,149,18,143,501,76,4.28,28,641,596
1974,central,6,広島東洋カープ,130,54,72,4,.429,.242,4235,448,1025,146,12,127,429,49,3.61,40,746,487
1974,central,2,読売ジャイアンツ,130,71,50,9,.587,.253,4222,589,1070,157,22,159,570,64,3.05,41,624,460
1974,central,4,阪神タイガース,130,57,64,9,.471,.237,4180,457,992,156,21,136,444,41,3.45,45,662,498
1975,central,4,ヤクルトスワローズ,130,57,64,9,.471,.245,4317,437,1057,152,16,101,407,69,3.31,24,645,470
1975,central,2,中日ドラゴンズ,130,69,53,8,.566,.271,4324,521,1173,176,17,133,511,76,3.18,24,636,466
1975,central,5,大洋ホエールズ,130,51,69,10,.425,.249,4350,484,1084,146,19,137,467,78,3.93,20,672,548
1975,central,1,広島東洋カープ,130,72,47,11,.605,.256,4281,510,1096,159,15,131,489,124,2.96,39,670,421
1975,central,6,読売ジャイアンツ,130,47,76,7,.382,.236,4191,473,987,126,18,117,453,63,3.53,29,606,510
1975,central,3,阪神タイガース,130,68,55,7,.553,.252,4273,477,1076,151,31,128,465,31,3.34,29,602,487
1976,central,5,ヤクルトスワローズ,130,52,68,10,.433,.260,4256,504,1106,163,18,128,478,41,3.88,39,607,555
1976,central,4,中日ドラゴンズ,130,54,66,10,.450,.266,4382,519,1164,198,17,138,492,50,4.50,13,552,610
1976,central,6,大洋ホエールズ,130,45,78,7,.366,.256,4326,482,1108,186,13,172,467,51,4.45,33,671,619
1976,central,3,広島東洋カープ,130,61,58,11,.513,.270,4322,586,1169,191,24,169,572,86,4.02,35,756,565
1976,central,1,読売ジャイアンツ,130,76,45,9,.628,.280,4402,661,1232,193,27,167,632,79,3.58,37,741,505
1976,central,2,阪神タイガース,130,72,45,13,.615,.258,4251,602,1095,174,22,193,575,77,3.54,24,628,500
1977,central,2,ヤクルトスワローズ,130,62,58,10,.517,.26674,4315,593,1151,184,22,170,575,71,4.01,28,666,553
1977,central,3,中日ドラゴンズ,130,64,61,5,.512,.275,4376,575,1203,165,18,176,558,69,4.381,23,642,614
1977,central,6,大洋ホエールズ,130,51,68,11,.429,.2680,4388,643,1176,189,15,176,625,71,4.94,19,722,687
1977,central,5,広島東洋カープ,130,51,67,12,.432,.2678,4334,603,1161,191,18,163,577,124,4.83,31,669,672
1977,central,1,読売ジャイアンツ,130,80,46,4,.635,.280,4327,648,1212,172,28,181,628,102,3.48,29,720,504
1977,central,4,阪神タイガース,130,55,63,12,.466,.26675,4311,558,1150,162,19,184,541,67,4.384,34,652,590
1978,central,1,ヤクルトスワローズ,130,68,46,16,.596,.279,4338,648,1211,190,18,157,628,62,4.382,27,631,633
1978,central,5,中日ドラゴンズ,130,53,71,6,.427,.252,4271,509,1078,147,7,141,488,36,4.45,15,561,635
1978,central,3,広島東洋カープ,130,62,50,18,.554,.284,4377,713,1244,205,18,205,692,54,4.378,38,682,596
1978,central,4,横浜大洋ホエールズ,130,64,57,9,.529,.273,4368,596,1192,227,29,132,575,64,3.90,32,691,554
1978,central,2,読売ジャイアンツ,130,65,49,16,.570,.270,4307,606,1163,184,26,136,570,111,3.61,23,734,508
1978,central,6,阪神タイガース,130,41,80,9,.339,.254,4310,532,1095,154,15,139,525,54,4.79,15,653,678
1979,central,6,ヤクルトスワローズ,130,48,69,13,.410,.252,4313,550,1085,159,9,157,531,63,4.60,14,702,646
1979,central,3,中日ドラゴンズ,130,59,57,14,.509,.2678,4394,589,1177,191,15,155,570,38,3.97,16,682,566
1979,central,1,広島東洋カープ,130,67,50,13,.573,.257,4293,601,1103,154,17,172,567,143,3.74,29,791,523
1979,central,2,横浜大洋ホエールズ,130,59,54,17,.522,.266,4365,595,1162,206,18,135,569,69,4.05,31,770,562
1979,central,5,読売ジャイアンツ,130,58,62,10,.483,.259,4341,554,1123,171,16,154,532,72,3.85,27,849,549
1979,central,4,阪神タイガース,130,61,60,9,.504,.2683,4389,559,1178,157,21,172,534,70,4.15,27,773,602
1980,central,2,ヤクルトスワローズ,130,68,52,10,.567,.270,4325,562,1166,193,21,132,537,111,3.17,41,664,462
1980,central,6,中日ドラゴンズ,130,45,76,9,.372,.261,4387,495,1145,168,15,134,472,50,4.43,15,623,639
1980,central,1,広島東洋カープ,130,73,44,13,.624,.263,4319,544,1134,161,27,161,516,108,3.37,36,666,476
1980,central,4,横浜大洋ホエールズ,130,59,62,9,.488,.259,4338,534,1124,180,22,135,509,93,4.18,33,696,587
1980,central,3,読売ジャイアンツ,130,61,60,9,.504,.243,4207,507,1024,154,17,153,482,83,2.95,44,865,450
1980,central,5,阪神タイガース,130,54,66,10,.450,.262,4396,521,1152,160,16,134,492,87,3.73,40,731,549
1981,central,4,ヤクルトスワローズ,130,56,58,16,.491,.255,4279,520,1092,170,25,120,492,105,4.30,24,671,591
1981,central,5,中日ドラゴンズ,130,58,65,7,.472,.26791,4341,545,1163,170,27,151,522,62,3.71,19,664,537
1981,central,2,広島東洋カープ,130,67,54,9,.554,.274,4360,605,1194,171,12,181,582,54,3.66,43,660,519
1981,central,6,横浜大洋ホエールズ,130,42,80,8,.344,.252,4308,444,1086,183,19,105,422,70,4.41,21,628,609
1981,central,1,読売ジャイアンツ,130,73,48,9,.603,.26796,4370,517,1171,174,25,135,492,119,2.88,47,833,418
1981,central,3,阪神タイガース,130,67,58,5,.536,.272,4352,523,1184,174,17,114,503,71,3.32,38,779,480
1982,central,6,ヤクルトスワローズ,130,45,75,10,.375,.240,4291,437,1031,135,23,95,418,87,3.64,27,629,519
1982,central,1,中日ドラゴンズ,130,64,47,19,.577,.266,4310,529,1147,156,14,143,500,63,3.27,20,744,478
1982,central,4,広島東洋カープ,130,59,58,13,.504,.2544,4312,513,1097,171,13,139,499,99,3.30,43,745,493
1982,central,5,横浜大洋ホエールズ,130,53,65,12,.449,.250,4335,473,1084,174,24,125,451,39,3.92,15,654,555
1982,central,2,読売ジャイアンツ,130,66,50,14,.569,.2537,4316,511,1095,162,32,133,489,112,2.93,55,751,439
1982,central,3,阪神タイガース,130,65,57,8,.533,.262,4356,517,1143,156,24,118,494,103,3.44,11,668,496
1983,central,6,ヤクルトスワローズ,130,53,69,8,.434,.266,4378,557,1166,177,18,149,531,90,4.515,32,604,604
1983,central,5,中日ドラゴンズ,130,54,69,7,.439,.263,4369,563,1148,192,12,160,548,63,4.11,26,714,603
1983,central,2,広島東洋カープ,130,65,55,10,.542,.269,4400,610,1184,190,22,164,594,165,3.65,49,688,527
1983,central,3,横浜大洋ホエールズ,130,61,61,8,.500,.272,4354,561,1186,215,18,137,539,78,4.523,25,693,631
1983,central,1,読売ジャイアンツ,130,72,50,8,.590,.275,4438,622,1219,187,24,156,591,134,3.77,37,721,542
1983,central,4,阪神タイガース,130,62,63,5,.496,.274,4343,598,1188,186,9,169,573,86,4.22,22,593,604
1984,central,5,ヤクルトスワローズ,130,51,71,8,.418,.2640,4313,530,1139,170,18,101,498,49,4.76,20,619,653
1984,central,2,中日ドラゴンズ,130,73,49,8,.598,.282,4355,641,1229,167,19,191,615,91,3.82,36,728,551
1984,central,1,広島東洋カープ,130,75,45,10,.625,.274,4330,635,1186,196,16,167,614,140,3.37,41,742,494
1984,central,6,横浜大洋ホエールズ,130,46,77,7,.374,.263,4274,484,1122,160,19,100,459,110,4.55,32,716,638
1984,central,3,読売ジャイアンツ,130,67,54,9,.554,.268,4380,637,1173,214,22,186,618,94,3.66,39,725,517
1984,central,4,阪神タイガース,130,53,69,8,.434,.2638,4267,563,1126,171,21,165,544,71,4.46,11,603,637
1985,central,6,ヤクルトスワローズ,130,46,74,10,.383,.264,4370,550,1155,185,13,143,521,29,4.75,28,622,664
1985,central,5,中日ドラゴンズ,130,56,61,13,.479,.265,4370,537,1159,178,23,136,516,80,4.08,45,718,596
1985,central,2,広島東洋カープ,130,68,57,5,.544,.271,4321,615,1171,142,17,160,593,178,4.13,37,701,570
1985,central,4,横浜大洋ホエールズ,130,57,61,12,.483,.267,4361,589,1166,185,22,132,561,188,4.59,25,622,653
1985,central,3,読売ジャイアンツ,130,61,60,9,.504,.279,4380,616,1221,217,11,157,589,78,3.96,26,804,562
1985,central,1,阪神タイガース,130,74,49,7,.602,.285,4414,731,1258,190,16,219,708,60,4.16,15,686,593
1986,central,6,ヤクルトスワローズ,130,49,77,4,.389,.252,4332,480,1093,169,14,119,451,59,4.27,30,622,620
1986,central,5,中日ドラゴンズ,130,54,67,9,.446,.242,4317,432,1046,156,15,131,417,90,3.70,31,766,519
1986,central,1,広島東洋カープ,130,73,46,11,.613,.254,4322,511,1099,193,14,137,485,134,2.89,38,929,420
1986,central,4,横浜大洋ホエールズ,130,56,69,5,.448,.264,4283,482,1130,204,27,84,456,180,3.81,22,720,547
1986,central,2,読売ジャイアンツ,130,75,48,7,.610,.270,4368,600,1181,207,33,155,566,86,3.12,26,892,437
1986,central,3,阪神タイガース,130,60,60,10,.500,.271,4396,574,1191,190,16,184,550,49,3.69,18,762,536
1987,central,4,ヤクルトスワローズ,130,58,64,8,.475,.260,4307,553,1120,163,21,159,532,30,4.51,25,657,637
1987,central,2,中日ドラゴンズ,130,68,51,11,.571,.265,4319,571,1145,206,22,168,547,65,3.64,24,782,492
1987,central,3,広島東洋カープ,130,65,55,10,.542,.268,4336,549,1163,183,17,143,523,107,3.14,32,918,450
1987,central,5,横浜大洋ホエールズ,130,56,68,6,.452,.259,4365,516,1130,185,32,113,494,116,4.26,34,716,601
1987,central,1,読売ジャイアンツ,130,76,43,11,.639,.281,4361,608,1224,192,17,159,581,55,3.06,31,842,447
1987,central,6,阪神タイガース,130,41,83,6,.331,.242,4319,437,1045,153,17,140,422,40,4.36,15,760,607
1988,central,5,ヤクルトスワローズ,130,58,69,3,.457,.246,4341,496,1069,190,16,147,477,52,3.79,27,585,534
1988,central,1,中日ドラゴンズ,130,79,46,5,.632,.258,4250,549,1096,227,22,131,532,84,3.20,18,784,483
1988,central,3,広島東洋カープ,130,65,62,3,.512,.244,4249,447,1035,152,24,105,428,98,3.06,42,964,442
1988,central,4,横浜大洋ホエールズ,130,59,67,4,.468,.273,4389,514,1198,183,24,85,492,121,3.93,20,734,542
1988,central,2,読売ジャイアンツ,130,68,59,3,.535,.268,4339,518,1161,191,20,134,499,63,3.09,36,853,442
1988,central,6,阪神タイガース,130,51,77,2,.398,.248,4224,444,1046,178,22,82,424,69,3.82,27,667,525
1989,central,4,ヤクルトスワローズ,130,55,72,3,.433,.254,4313,507,1096,163,18,140,489,76,3.97,30,663,559
1989,central,3,中日ドラゴンズ,130,68,59,3,.535,.256,4225,538,1082,192,12,149,517,72,3.68,25,709,524
1989,central,2,広島東洋カープ,130,73,51,6,.589,.271,4339,510,1177,174,20,101,480,117,3.01,28,1006,431
1989,central,6,横浜大洋ホエールズ,130,47,80,3,.370,.260,4403,474,1144,241,25,76,440,106,4.07,19,789,594
1989,central,1,読売ジャイアンツ,130,84,44,2,.656,.263,4289,520,1130,209,19,106,495,77,2.56,69,926,358
1989,central,5,阪神タイガース,130,54,75,1,.419,.257,4288,497,1101,166,30,135,471,81,4.15,25,763,580
1990,central,5,ヤクルトスワローズ,130,58,72,0,.446,.257,4385,529,1127,173,31,123,509,86,4.24,37,812,609
1990,central,4,中日ドラゴンズ,131,62,68,1,.477,.264,4344,573,1146,201,9,162,551,53,4.26,26,733,603
1990,central,2,広島東洋カープ,132,66,64,2,.508,.2671,4451,570,1189,202,28,140,551,84,3.57,35,922,528
1990,central,3,横浜大洋ホエールズ,133,64,66,3,.492,.266,4491,546,1193,195,28,90,514,86,3.94,26,813,563
1990,central,1,読売ジャイアンツ,130,88,42,0,.677,.2666,4343,589,1158,217,27,134,566,67,2.83,70,932,399
1990,central,6,阪神タイガース,130,52,78,0,.400,.252,4345,550,1094,172,20,135,529,73,4.58,19,842,655
1991,central,3,ヤクルトスワローズ,132,67,63,2,.515,.259,4389,544,1137,199,33,140,526,75,3.93,41,795,551
1991,central,2,中日ドラゴンズ,131,71,59,1,.546,.262,4367,612,1143,200,16,178,598,50,3.59,27,848,521
1991,central,1,広島東洋カープ,132,74,56,2,.569,.254,4322,516,1096,182,19,88,491,92,3.23,29,992,466
1991,central,5,横浜大洋ホエールズ,131,64,66,1,.492,.269,4397,558,1184,218,21,66,518,130,3.74,18,819,535
1991,central,4,読売ジャイアンツ,130,66,64,0,.508,.253,4309,534,1090,158,24,128,515,42,3.72,57,881,529
1991,central,6,阪神タイガース,130,48,82,0,.369,.237,4261,454,1011,147,13,111,433,47,4.37,28,808,616
1992,central,1,ヤクルトスワローズ,131,69,61,1,.531,.261,4452,599,1162,192,21,173,576,92,3.79,31,835,566
1992,central,6,中日ドラゴンズ,130,60,70,0,.462,.252,4365,479,1098,189,21,108,456,48,3.91,19,807,562
1992,central,4,広島東洋カープ,130,66,64,0,.508,.260,4437,571,1153,201,14,122,545,101,3.60,24,890,532
1992,central,5,横浜大洋ホエールズ,131,61,69,1,.469,.249,4392,521,1095,195,23,97,495,87,3.75,15,878,553
1992,central,2,読売ジャイアンツ,130,67,63,0,.515,.262,4360,535,1144,195,15,139,513,34,3.69,41,967,522
1992,central,3,阪神タイガース,132,67,63,2,.515,.250,4449,475,1114,189,33,86,446,43,2.90,36,905,445
1993,central,1,ヤクルトスワローズ,132,80,50,2,.615,.263,4512,622,1186,185,18,140,593,71,3.20,30,940,475
1993,central,2,中日ドラゴンズ,132,73,57,2,.562,.256,4418,538,1133,168,11,158,512,29,3.12,31,930,453
1993,central,6,広島東洋カープ,131,53,77,1,.408,.2530,4407,530,1115,177,11,155,508,59,4.29,18,825,612
1993,central,5,横浜ベイスターズ,130,57,73,0,.438,.249,4292,477,1068,187,27,87,461,69,3.83,15,904,544
1993,central,3,読売ジャイアンツ,131,64,66,1,.492,.238,4262,446,1014,160,11,105,423,39,3.22,21,1006,465
1993,central,4,阪神タイガース,132,63,67,2,.485,.2529,4368,478,1105,176,22,86,448,44,3.88,13,881,542
1994,central,4,ヤクルトスワローズ,130,62,68,0,.477,.250,4420,486,1105,173,18,130,458,78,4.05,25,797,585
1994,central,2,中日ドラゴンズ,130,69,61,0,.531,.2581,4311,535,1113,173,16,108,513,65,3.45,40,841,481
1994,central,3,広島東洋カープ,130,66,64,0,.508,.276,4493,585,1242,172,22,126,561,98,4.18,19,795,584
1994,central,6,横浜ベイスターズ,130,61,69,0,.469,.261,4368,543,1141,222,19,107,526,36,3.76,13,855,535
1994,central,1,読売ジャイアンツ,130,70,60,0,.538,.2583,4320,516,1116,158,16,122,497,29,3.41,31,885,483
1994,central,5,阪神タイガース,130,62,68,0,.477,.256,4408,503,1127,158,26,92,478,36,3.43,16,817,500
1995,central,1,ヤクルトスワローズ,130,82,48,0,.631,.2606,4259,601,1110,187,18,147,577,102,3.60,24,889,495
1995,central,5,中日ドラゴンズ,130,50,80,0,.385,.251,4350,498,1090,165,9,136,475,50,4.75,22,840,651
1995,central,2,広島東洋カープ,131,74,56,1,.569,.263,4418,635,1162,191,22,166,603,145,3.57,29,857,510
1995,central,4,横浜ベイスターズ,130,66,64,0,.508,.2609,4331,562,1130,208,20,114,532,60,4.37,9,840,588
1995,central,3,読売ジャイアンツ,131,72,58,1,.554,.252,4282,527,1081,174,9,139,509,64,3.40,38,941,494
1995,central,6,阪神タイガース,130,46,84,0,.354,.244,4276,451,1043,179,27,88,430,43,3.83,17,839,536
1996,central,4,ヤクルトスワローズ,130,61,69,0,.469,.264,4376,536,1155,174,20,103,520,67,4.00,20,836,560
1996,central,2,中日ドラゴンズ,130,72,58,0,.554,.278,4446,641,1234,192,11,179,616,36,4.01,30,934,589
1996,central,3,広島東洋カープ,130,71,59,0,.546,.281,4500,670,1264,200,18,162,642,115,4.08,21,784,597
1996,central,5,横浜ベイスターズ,130,55,75,0,.423,.270,4392,571,1188,199,29,85,544,85,4.67,25,929,660
1996,central,1,読売ジャイアンツ,130,77,53,0,.592,.253,4353,563,1100,197,12,147,538,69,3.47,30,866,478
1996,central,6,阪神タイガース,130,54,76,0,.415,.245,4392,482,1078,168,20,89,454,45,4.12,16,841,579
1997,central,1,ヤクルトスワローズ,137,83,52,2,.615,.276,4742,672,1309,230,30,138,639,123,3.26,18,870,503
1997,central,6,中日ドラゴンズ,136,59,76,1,.437,.243,4482,510,1088,182,24,115,495,55,4.33,9,925,644
1997,central,3,広島東洋カープ,135,66,69,0,.489,.259,4594,651,1189,184,21,164,608,117,4.44,12,837,653
1997,central,2,横浜ベイスターズ,135,72,63,0,.533,.273,4506,572,1231,225,28,105,546,87,3.703,7,1015,548
1997,central,4,読売ジャイアンツ,135,63,72,0,.467,.251,4458,550,1119,181,10,150,532,37,3.69,17,899,536
1997,central,5,阪神タイガース,136,62,73,1,.459,.244,4546,504,1110,188,29,103,475,38,3.698,13,787,575
1998,central,4,ヤクルトスワローズ,135,66,69,0,.489,.253,4504,493,1141,179,17,97,475,56,3.69,24,942,548
1998,central,2,中日ドラゴンズ,136,75,60,1,.556,.248,4417,488,1095,171,22,100,469,91,3.14,19,904,458
1998,central,5,広島東洋カープ,135,60,75,0,.444,.265,4630,578,1226,206,18,131,547,86,4.01,13,860,613
1998,central,1,横浜ベイスターズ,136,79,56,1,.585,.277,4706,642,1304,245,23,100,607,63,3.49,8,861,524
1998,central,3,読売ジャイアンツ,135,73,62,0,.541,.267,4520,632,1206,181,16,148,605,54,3.74,26,902,551
1998,central,6,阪神タイガース,135,52,83,0,.385,.242,4469,450,1080,197,16,86,422,28,3.95,9,749,589
1999,central,4,ヤクルトスワローズ,135,66,69,0,.489,.264,4552,584,1203,207,15,141,563,80,4.23,15,909,610
1999,central,1,中日ドラゴンズ,135,81,54,0,.600,.263,4446,598,1168,210,25,120,578,78,3.39,18,845,488
1999,central,5,広島東洋カープ,135,57,78,0,.422,.260,4542,586,1180,200,19,152,561,76,4.78,26,869,712
1999,central,3,横浜ベイスターズ,135,71,64,0,.526,.294,4788,711,1408,246,20,140,688,74,4.44,15,868,639
1999,central,2,読売ジャイアンツ,135,75,60,0,.556,.265,4551,618,1205,180,9,182,595,51,3.84,21,899,553
1999,central,6,阪神タイガース,135,55,80,0,.407,.259,4504,490,1167,194,24,97,459,63,4.04,5,806,585
2000,central,4,ヤクルトスワローズ,136,66,69,1,.489,.264,4612,581,1217,216,24,137,551,71,3.62,7,978,515
2000,central,2,中日ドラゴンズ,135,70,65,0,.519,.266,4515,544,1201,220,20,111,521,57,4.19,12,932,617
2000,central,5,広島東洋カープ,136,65,70,1,.481,.256,4600,591,1178,182,11,150,562,114,4.48,17,844,675
2000,central,3,横浜ベイスターズ,136,69,66,1,.511,.277,4751,576,1316,213,19,103,557,65,3.92,11,897,559
2000,central,1,読売ジャイアンツ,135,78,57,0,.578,.263,4552,689,1199,208,7,203,659,50,3.34,17,1039,497
2000,central,6,阪神タイガース,136,57,78,1,.422,.244,4534,473,1107,147,24,114,447,53,3.90,9,883,591
2001,central,1,ヤクルトスワローズ,140,76,58,6,.567,.274,4747,645,1300,215,10,148,605,63,3.41,6,896,531
2001,central,5,中日ドラゴンズ,140,62,74,4,.456,.253,4609,483,1167,200,14,98,464,53,3.48,18,1012,513
2001,central,4,広島東洋カープ,140,68,65,7,.511,.269,4664,619,1254,197,18,155,594,99,3.82,28,968,596
2001,central,3,横浜ベイスターズ,140,69,67,4,.507,.267,4645,560,1240,203,16,94,538,80,3.747,13,814,565
2001,central,2,読売ジャイアンツ,140,75,63,2,.543,.271,4706,688,1274,201,10,196,663,64,4.45,14,981,659
2001,central,6,阪神タイガース,140,57,80,3,.416,.243,4603,467,1118,164,18,90,446,78,3.749,7,866,598
2002,central,2,ヤクルトスワローズ,140,74,62,4,.544,.263,4826,554,1271,208,12,142,534,36,3.39,8,1035,528
2002,central,3,中日ドラゴンズ,140,69,66,5,.511,.257,4781,546,1230,238,16,125,519,54,3.19,13,1002,502
2002,central,5,広島東洋カープ,140,64,72,4,.471,.259,4725,543,1222,185,11,154,516,59,4.36,22,1056,674
2002,central,6,横浜ベイスターズ,140,49,86,5,.363,.240,4685,472,1124,196,10,97,444,65,4.09,19,973,620
2002,central,1,読売ジャイアンツ,140,86,52,2,.623,.272,4826,691,1313,207,17,186,660,69,3.04,15,1087,485
2002,central,4,阪神タイガース,140,66,70,4,.485,.253,4753,527,1203,222,16,122,492,73,3.41,21,964,524
2003,central,4,ヤクルトスワローズ,140,71,66,3,.518,.283,4840,683,1369,236,18,159,649,54,4.12,5,918,627
2003,central,2,中日ドラゴンズ,140,73,66,1,.525,.268,4733,616,1267,215,24,137,586,57,3.80,6,1035,578
2003,central,5,広島東洋カープ,140,67,71,2,.486,.259,4701,558,1219,200,12,153,539,80,4.23,18,908,653
2003,central,6,横浜ベイスターズ,140,45,94,1,.324,.258,4708,563,1215,192,5,192,541,68,4.80,8,909,725
2003,central,3,読売ジャイアンツ,140,71,66,3,.518,.262,4764,654,1246,182,18,205,624,71,4.43,26,1123,681
2003,central,1,阪神タイガース,140,87,51,2,.630,.287,4830,728,1384,242,32,141,695,115,3.53,15,1108,538
2004,central,2,ヤクルトスワローズ,138,72,64,2,.529,.2754,4770,618,1314,181,14,181,599,42,4.70,4,973,691
2004,central,1,中日ドラゴンズ,138,79,56,3,.585,.274,4738,623,1299,201,15,111,589,95,3.86,8,1019,558
2004,central,5,広島東洋カープ,138,60,77,1,.438,.276,4840,662,1335,219,21,187,635,50,4.75,13,1086,716
2004,central,6,横浜ベイスターズ,138,59,76,3,.437,.279,4749,640,1324,193,19,194,619,46,4.47,3,951,666
2004,central,3,読売ジャイアンツ,138,71,64,3,.526,.2749,4845,738,1332,219,6,259,719,25,4.50,10,1105,677
2004,central,4,阪神タイガース,138,66,70,2,.485,.273,4794,637,1307,210,21,142,607,96,4.08,10,1112,610
2005,central,4,ヤクルトスワローズ,146,71,73,2,.493,.276,5033,591,1389,221,15,128,565,65,4.00,3,974,596
2005,central,2,中日ドラゴンズ,146,79,66,1,.545,.269,4923,680,1323,232,20,139,655,101,4.13,6,1028,628
2005,central,6,広島東洋カープ,146,58,84,4,.408,.275,5004,615,1374,218,8,184,586,51,4.79844,18,1041,779
2005,central,3,横浜ベイスターズ,146,69,70,7,.496,.265,4999,621,1324,227,13,143,601,37,3.68,20,1043,596
2005,central,5,読売ジャイアンツ,146,62,80,4,.437,.260,4991,617,1300,178,6,186,587,38,4.79846,13,1106,737
2005,central,1,阪神タイガース,146,87,54,5,.617,.274,5113,731,1401,242,21,140,703,78,3.24,11,1208,533
2006,central,1,中日ドラゴンズ,146,87,54,5,.617,.270,4951,669,1338,245,12,139,642,73,3.10,19,1052,496
2006,central,5,広島東洋カープ,146,62,79,5,.440,.266,4947,549,1318,173,19,127,526,54,3.96,10,957,648
2006,central,3,東京ヤクルトスワローズ,146,70,73,3,.490,.269,5005,669,1346,221,13,161,638,83,3.91,5,1020,642
2006,central,6,横浜ベイスターズ,146,58,84,4,.408,.257,4895,575,1256,226,16,127,534,51,4.25,13,976,662
2006,central,4,読売ジャイアンツ,146,65,79,2,.451,.251,4878,552,1226,198,14,134,525,73,3.65,15,1027,592
2006,central,2,阪神タイガース,146,84,58,4,.592,.267,4934,597,1316,201,20,133,563,52,3.13,18,1109,508
2007,central,2,中日ドラゴンズ,144,78,64,2,.549,.261,4771,623,1245,208,16,121,601,83,3.59,8,1012,556
2007,central,5,広島東洋カープ,144,60,82,2,.423,.263,4897,557,1287,209,7,132,528,65,4.22,10,868,673
2007,central,6,東京ヤクルトスワローズ,144,60,84,0,.417,.269,4796,596,1289,206,25,139,575,66,4.07,10,960,623
2007,central,4,横浜ベイスターズ,144,71,72,1,.497,.265,4784,569,1268,233,20,124,536,42,4.01,9,1014,623
2007,central,1,読売ジャイアンツ,144,80,63,1,.559,.276,4933,692,1361,245,17,191,672,63,3.58,7,1018,556
2007,central,3,阪神タイガース,144,74,66,4,.529,.255,4838,518,1233,173,20,111,503,46,3.56,3,1068,561
2008,central,3,中日ドラゴンズ,144,71,68,5,.511,.253,4767,535,1207,215,13,140,514,51,3.53,10,989,556
2008,central,4,広島東洋カープ,144,69,70,5,.496,.271,4904,537,1330,193,9,100,506,69,3.78,8,897,594
2008,central,5,東京ヤクルトスワローズ,144,66,74,4,.471,.26576,4756,583,1264,201,32,83,542,148,3.75,4,880,569
2008,central,6,横浜ベイスターズ,144,48,94,2,.338,.2655,4839,552,1285,213,16,145,529,37,4.74,7,858,706
2008,central,1,読売ジャイアンツ,144,84,57,3,.596,.26577,4850,631,1289,234,12,177,610,78,3.37,6,1115,532
2008,central,2,阪神タイガース,144,82,59,3,.582,.268,4802,578,1285,199,29,83,550,62,3.29,6,994,521
2009,central,2,中日ドラゴンズ,144,81,62,1,.566,.258,4814,605,1243,215,17,136,579,81,3.17,12,994,508
2009,central,5,広島東洋カープ,144,65,75,4,.464,.245,4747,528,1163,196,32,101,499,77,3.59,12,961,575
2009,central,3,東京ヤクルトスワローズ,144,71,72,1,.497,.259,4771,548,1238,200,18,116,526,106,3.97,10,870,606
2009,central,6,横浜ベイスターズ,144,51,93,0,.354,.239,4720,497,1130,193,19,128,472,51,4.36,11,963,685
2009,central,1,読売ジャイアンツ,144,89,46,9,.659,.275,4991,650,1375,228,17,182,626,84,2.94,11,1015,493
2009,central,4,阪神タイガース,144,67,73,4,.479,.255,4826,548,1233,215,25,106,526,79,3.28,10,1037,534
2010,central,1,中日ドラゴンズ,144,79,62,3,.560,.259,4753,539,1229,217,21,119,514,53,3.29,12,966,521
2010,central,5,広島東洋カープ,144,58,84,2,.408,.263,4867,596,1278,222,27,104,556,119,4.80,11,884,737
2010,central,4,東京ヤクルトスワローズ,144,72,68,4,.514,.268,4857,617,1304,239,18,124,597,66,3.85,10,1000,621
2010,central,6,横浜ベイスターズ,144,48,95,1,.336,.255,4835,521,1234,217,16,117,501,59,4.88,2,908,743
2010,central,3,読売ジャイアンツ,144,79,64,1,.552,.266,4925,711,1311,224,22,226,687,96,3.89,3,1027,617
2010,central,2,阪神タイガース,144,78,63,3,.553,.290,5036,740,1458,238,23,173,718,71,4.05,7,977,640
2011,central,1,中日ドラゴンズ,144,75,59,10,.560,.228,4583,419,1044,171,25,82,401,41,2.46,12,891,410
2011,central,5,広島東洋カープ,144,60,76,8,.441,.245,4639,439,1136,177,18,52,420,65,3.22,10,990,496
2011,central,2,東京ヤクルトスワローズ,144,70,59,15,.543,.244,4645,484,1132,169,19,85,461,43,3.36,14,968,504
2011,central,6,横浜ベイスターズ,144,47,86,11,.353,.239,4625,423,1106,173,13,78,408,31,3.87,2,874,587
2011,central,3,読売ジャイアンツ,144,71,62,11,.534,.243,4716,471,1145,173,14,108,455,106,2.61,12,999,417
2011,central,4,阪神タイガース,144,68,70,6,.493,.255,4727,482,1206,176,25,80,451,62,2.83,11,1119,443
2012,central,2,中日ドラゴンズ,144,75,53,16,.586,.245,4714,423,1156,185,11,70,400,59,2.58,8,877,405
2012,central,4,広島東洋カープ,144,61,71,12,.462,.23342,4614,427,1077,192,13,76,402,79,2.72,6,955,454
2012,central,3,東京ヤクルトスワローズ,144,68,65,11,.511,.260,4693,499,1218,168,18,90,471,63,3.35,12,843,514
2012,central,6,横浜DeNAベイスターズ,144,46,85,13,.351,.23340,4640,422,1083,164,21,66,400,61,3.76,11,863,571
2012,central,1,読売ジャイアンツ,144,86,43,15,.667,.256,4742,534,1216,207,18,94,505,102,2.16,9,1021,354
2012,central,5,阪神タイガース,144,55,75,14,.423,.236,4717,411,1115,169,17,58,392,65,2.65,8,985,438
2013,central,4,中日ドラゴンズ,144,64,77,3,.454,.245,4844,526,1187,190,15,111,501,57,3.81,2,916,599
2013,central,3,広島東洋カープ,144,69,72,3,.489,.248,4739,557,1174,203,16,110,528,112,3.46,6,916,554
2013,central,6,東京ヤクルトスワローズ,144,57,83,4,.407,.253,4826,577,1220,163,16,134,558,70,4.26,8,965,682
2013,central,5,横浜DeNAベイスターズ,144,64,79,1,.448,.2617,4856,630,1271,191,19,132,595,54,4.50,9,931,686
2013,central,1,読売ジャイアンツ,144,84,53,7,.613,.2619,4906,597,1285,215,14,145,575,90,3.21,8,1094,508
2013,central,2,阪神タイガース,144,73,67,4,.521,.255,4842,531,1236,216,18,82,503,81,3.07,14,1038,488
2014,central,4,中日ドラゴンズ,144,67,73,4,.479,.258,4854,570,1250,215,21,87,537,75,3.69,6,970,590
2014,central,3,広島東洋カープ,144,74,68,2,.521,.272,4878,649,1326,219,23,153,612,96,3.79,6,933,610
2014,central,6,東京ヤクルトスワローズ,144,60,81,3,.426,.279,5023,667,1401,223,15,139,647,62,4.62,5,940,717
2014,central,5,横浜DeNAベイスターズ,144,67,75,2,.472,.253,4833,568,1224,211,27,121,540,76,3.76,11,939,624
2014,central,1,読売ジャイアンツ,144,82,61,1,.573,.257,4862,596,1248,207,7,144,570,102,3.58,10,998,552
2014,central,2,阪神タイガース,144,75,68,1,.524,.264,4823,599,1274,226,15,94,563,55,3.88,9,1174,614
2015,central,5,中日ドラゴンズ,143,62,77,4,.446,.253,4835,473,1222,188,19,71,434,88,3.19,9,966,504
2015,central,4,広島東洋カープ,143,69,71,3,.493,.246,4752,506,1170,201,32,105,473,80,2.92,9,1010,474
2015,central,1,東京ヤクルトスワローズ,143,76,65,2,.539,.257,4817,574,1240,223,16,107,547,83,3.31,3,935,518
2015,central,6,横浜DeNAベイスターズ,143,62,80,1,.437,.249,4763,508,1186,219,18,112,488,57,3.80,7,1003,598
2015,central,2,読売ジャイアンツ,143,75,67,1,.528,.243,4672,489,1137,190,16,98,467,99,2.78,11,992,443
2015,central,3,阪神タイガース,143,70,71,2,.496,.247,4705,465,1160,192,15,78,446,48,3.47,10,1090,550
2016,central,6,中日ドラゴンズ,143,58,82,3,.414,.2451,4813,500,1180,209,21,89,473,60,3.65,8,980,573
2016,central,1,広島東洋カープ,143,89,52,2,.631,.272,4914,684,1338,203,35,153,649,118,3.20,7,966,497
2016,central,5,東京ヤクルトスワローズ,143,64,78,1,.451,.256,4828,594,1234,210,20,113,565,82,4.73,7,872,694
2016,central,3,横浜DeNAベイスターズ,143,69,71,3,.493,.249,4838,572,1205,194,21,140,548,67,3.76,9,1059,588
2016,central,2,読売ジャイアンツ,143,71,69,3,.507,.251,4797,519,1203,217,19,128,497,62,3.45,8,1061,543
2016,central,4,阪神タイガース,143,64,76,3,.457,.2445,4789,506,1171,204,17,90,475,59,3.38,8,1166,546
2017,central,5,中日ドラゴンズ,143,59,79,5,.428,.247,4794,487,1183,190,23,111,451,77,4.05,6,949,623
2017,central,1,広島東洋カープ,143,88,51,4,.633,.273,4872,736,1329,237,23,152,705,112,3.39,4,1035,540
2017,central,6,東京ヤクルトスワローズ,143,45,96,2,.319,.234,4728,473,1108,166,19,95,449,50,4.21,6,1011,653
2017,central,3,横浜DeNAベイスターズ,143,73,65,5,.529,.252,4872,597,1230,245,14,134,571,39,3.81,5,1117,598
2017,central,4,読売ジャイアンツ,143,72,68,3,.514,.2492,4775,536,1190,223,15,113,519,56,3.31,9,1083,504
2017,central,2,阪神タイガース,143,78,61,4,.561,.2485,4807,589,1195,213,18,113,559,70,3.29,4,1223,528
1950,pacific,2,南海ホークス,120,66,49,5,.574,.279,4232,645,1181,211,43,88,583,225,3.38,38,469,495
1950,pacific,3,大映スターズ,120,62,54,4,.534,.260,4152,534,1078,181,22,91,491,82,3.70,65,457,516
1950,pacific,6,東急フライヤーズ,120,51,69,0,.425,.256,4164,524,1067,169,27,87,464,143,4.52,59,428,660
1950,pacific,1,毎日オリオンズ,120,81,34,5,.704,.286,4245,713,1212,209,43,124,640,195,3.42,58,462,512
1950,pacific,5,西鉄クリッパース,120,51,67,2,.432,.254,4136,493,1050,164,23,79,451,115,3.87,52,407,583
1950,pacific,7,近鉄パールス,120,44,72,4,.379,.242,4081,467,987,179,22,86,428,94,3.85,70,418,591
1950,pacific,4,阪急ブレーブス,120,54,64,2,.458,.244,4086,522,999,163,46,69,459,193,3.69,48,463,541
1951,pacific,1,南海ホークス,104,72,24,8,.750,.276,3660,496,1010,152,45,48,441,191,2.40,36,376,322
1951,pacific,4,大映スターズ,101,41,52,8,.441,.239,3481,376,831,142,22,46,338,59,3.33,54,348,422
1951,pacific,6,東急フライヤーズ,102,38,56,8,.404,.241,3437,355,829,115,32,71,324,90,3.64,42,318,459
1951,pacific,3,毎日オリオンズ,110,54,51,5,.514,.258,3694,482,953,155,31,59,424,133,3.25,37,310,463
1951,pacific,2,西鉄ライオンズ,105,53,42,10,.558,.242,3555,429,860,141,26,63,393,92,2.75,35,351,367
1951,pacific,7,近鉄パールス,98,37,56,5,.398,.223,3201,319,713,100,23,37,299,81,3.13,49,337,387
1951,pacific,5,阪急ブレーブス,96,37,51,8,.420,.243,3278,367,796,123,30,45,332,135,3.32,34,328,404
1952,pacific,1,南海ホークス,121,76,44,1,.633,.268,4168,594,1119,168,40,83,520,239,2.84,29,481,420
1952,pacific,4,大映スターズ,121,55,65,1,.4583,.2428,4044,457,982,160,32,68,415,97,3.38,62,363,489
1952,pacific,6,東急フライヤーズ,108,49,59,0,.454,.251,3728,453,935,147,26,51,413,110,3.95,37,289,509
1952,pacific,2,毎日オリオンズ,120,75,45,0,.625,.264,4079,554,1076,188,38,72,517,160,2.87,27,421,441
1952,pacific,3,西鉄ライオンズ,120,67,52,1,.563,.261,4082,532,1066,194,39,94,499,100,3.08,45,368,481
1952,pacific,7,近鉄パールス,108,30,78,0,.278,.2429,3742,356,909,159,19,37,317,43,4.06,29,383,568
1952,pacific,5,阪急ブレーブス,108,49,58,1,.4579,.246,3669,424,904,152,39,39,381,193,3.70,37,422,462
1953,pacific,1,南海ホークス,120,71,48,1,.597,.265,4140,541,1096,188,28,61,477,228,3.02,42,428,433
1953,pacific,3,大映スターズ,120,63,53,4,.543,.237,4011,405,952,156,32,30,364,61,2.67,76,384,392
1953,pacific,6,東急フライヤーズ,120,50,67,3,.427,.220,3990,360,878,148,15,50,325,112,3.26,42,477,480
1953,pacific,5,毎日オリオンズ,120,56,62,2,.475,.252,4028,455,1015,146,40,56,414,114,3.13,27,547,459
1953,pacific,4,西鉄ライオンズ,120,57,61,2,.483,.253,4128,487,1043,178,45,114,454,122,3.05,41,533,477
1953,pacific,7,近鉄パールス,120,48,69,3,.410,.246,4138,369,1018,147,40,31,336,117,2.93,55,388,461
1953,pacific,2,阪急ブレーブス,120,67,52,1,.563,.258,4166,488,1074,163,51,44,441,184,2.68,45,513,403
1954,pacific,2,南海ホークス,140,91,49,0,.650,.250,4566,529,1141,176,42,82,487,219,2.50,39,666,417
1954,pacific,8,大映スターズ,140,43,92,5,.319,.222,4638,402,1030,181,36,47,355,100,3.53,69,482,589
1954,pacific,7,東映フライヤーズ,140,52,86,2,.377,.234,4668,472,1093,167,23,46,413,129,3.73,31,535,619
1954,pacific,3,毎日オリオンズ,140,79,57,4,.581,.236,4681,550,1106,180,38,89,510,162,2.69,40,725,467
1954,pacific,1,西鉄ライオンズ,140,90,47,3,.657,.256,4679,590,1198,203,47,134,547,136,2.17,35,752,379
1954,pacific,4,近鉄パールス,140,74,63,3,.540,.247,4697,530,1162,183,40,27,466,223,2.66,64,575,473
1954,pacific,5,阪急ブレーブス,140,66,70,4,.485,.260,4664,572,1211,223,54,63,533,204,3.23,42,697,547
1954,pacific,6,高橋ユニオンズ,140,53,84,3,.387,.229,4612,440,1057,147,32,51,389,143,3.43,49,528,594
1955,pacific,8,トンボユニオンズ,141,42,98,1,.300,.227,4685,420,1063,161,38,40,373,132,3.94,29,506,691
1955,pacific,1,南海ホークス,143,99,41,3,.707,.249,4763,606,1187,177,26,90,549,245,2.61,29,736,445
1955,pacific,6,大映スターズ,141,53,87,1,.379,.228,4641,410,1056,172,28,41,370,109,2.99,45,510,524
1955,pacific,7,東映フライヤーズ,143,51,89,3,.364,.232,4669,424,1082,175,31,40,383,88,3.18,37,544,568
1955,pacific,3,毎日オリオンズ,142,85,55,2,.607,.251,4770,573,1196,203,38,89,526,122,2.46,32,766,450
1955,pacific,2,西鉄ライオンズ,144,90,50,4,.643,.259,4859,663,1258,211,33,140,606,173,2.68,40,777,471
1955,pacific,5,近鉄パールス,142,60,80,2,.429,.252,4679,510,1181,152,32,35,459,149,3.45,47,634,584
1955,pacific,4,阪急ブレーブス,142,80,60,2,.571,.267,4782,589,1279,208,66,39,539,213,2.70,38,744,462
1956,pacific,2,南海ホークス,154,96,52,6,.643,.250,5209,612,1304,219,36,68,550,238,2.23,24,648,457
1956,pacific,7,大映スターズ,154,57,94,3,.380,.227,5135,433,1165,170,30,46,384,124,2.89,27,634,559
1956,pacific,6,東映フライヤーズ,154,58,92,4,.390,.216,5096,411,1101,151,37,41,369,122,2.86,37,694,558
1956,pacific,4,毎日オリオンズ,154,84,66,4,.558,.234,4986,530,1169,211,42,95,487,78,2.40,29,725,477
1956,pacific,1,西鉄ライオンズ,154,96,51,7,.646,.254,5075,611,1288,213,56,95,567,165,1.87,42,902,372
1956,pacific,5,近鉄パールス,154,68,82,4,.455,.226,4895,495,1107,153,39,48,452,177,3.17,40,631,583
1956,pacific,3,阪急ブレーブス,154,88,64,2,.578,.238,5022,581,1194,170,55,43,518,277,2.38,46,872,459
1956,pacific,8,高橋ユニオンズ,154,52,98,4,.351,.214,5033,403,1075,159,34,50,359,145,3.26,20,636,611
1957,pacific,2,南海ホークス,132,78,53,1,.595,.252,4427,551,1117,198,28,98,491,102,2.68,23,613,424
1957,pacific,7,大映ユニオンズ,132,41,89,2,.318,.213,4359,377,930,145,22,48,342,88,3.63,23,496,575
1957,pacific,5,東映フライヤーズ,132,56,73,3,.436,.227,4422,371,1003,156,37,45,330,96,2.80,33,675,451
1957,pacific,3,毎日オリオンズ,132,75,52,5,.587,.239,4289,477,1027,166,44,80,429,110,2.47,35,736,435
1957,pacific,1,西鉄ライオンズ,132,83,44,5,.648,.255,4401,546,1122,178,42,94,498,99,2.15,37,820,370
1957,pacific,6,近鉄パールス,132,44,82,6,.356,.225,4348,390,977,125,19,35,347,131,3.22,25,617,522
1957,pacific,4,阪急ブレーブス,132,71,55,6,.561,.231,4366,474,1010,169,35,56,430,195,2.41,59,828,409
1958,pacific,2,南海ホークス,130,77,48,5,.612,.248,4448,543,1103,189,31,93,497,111,2.53,35,700,414
1958,pacific,5,東映フライヤーズ,130,57,70,3,.450,.237,4360,419,1032,186,49,40,376,79,2.70,45,725,442
1958,pacific,4,毎日大映オリオンズ,130,62,63,5,.496,.239,4368,435,1046,195,29,72,402,131,2.79,26,740,440
1958,pacific,1,西鉄ライオンズ,130,78,47,5,.619,.243,4309,511,1049,171,28,83,468,96,2.37,32,862,370
1958,pacific,6,近鉄パールス,130,29,97,4,.238,.215,4225,326,907,123,20,41,290,113,4.04,26,517,613
1958,pacific,3,阪急ブレーブス,130,73,51,6,.585,.234,4354,437,1019,165,44,41,381,176,2.54,53,759,392
1959,pacific,1,南海ホークス,134,88,42,4,.677,.265,4524,574,1197,199,38,90,527,75,2.44,29,786,408
1959,pacific,3,東映フライヤーズ,135,67,63,5,.515,.242,4629,490,1120,182,54,78,454,88,2.98,34,687,483
1959,pacific,2,毎日大映オリオンズ,136,82,48,6,.631,.255,4641,559,1184,215,37,114,513,125,2.76,26,780,447
1959,pacific,4,西鉄ライオンズ,144,66,64,14,.508,.236,4832,494,1140,175,42,69,455,79,2.66,33,893,459
1959,pacific,6,近鉄バファロー,133,39,91,3,.300,.229,4384,381,1002,145,31,48,338,64,3.68,21,593,578
1959,pacific,5,阪急ブレーブス,134,48,82,4,.369,.222,4447,387,986,130,31,57,355,135,3.26,36,773,510
1960,pacific,2,南海ホークス,136,78,52,6,.600,.247,4564,519,1128,190,26,103,481,89,2.88,39,871,459
1960,pacific,5,東映フライヤーズ,132,52,78,2,.400,.2355,4428,436,1043,147,30,80,388,114,2.92,33,671,492
1960,pacific,1,毎日大映オリオンズ,133,82,48,3,.631,.262,4522,547,1183,193,39,100,505,88,2.66,34,743,433
1960,pacific,3,西鉄ライオンズ,136,70,60,6,.538,.251,4537,537,1138,179,41,97,486,80,3.05,42,889,467
1960,pacific,6,近鉄バファロー,131,43,87,1,.331,.2358,4372,408,1031,194,29,69,383,51,3.61,31,739,570
1960,pacific,4,阪急ブレーブス,136,65,65,6,.500,.243,4580,447,1112,185,39,64,407,105,2.99,47,776,473
1961,pacific,1,南海ホークス,140,85,49,6,.629,.262,4734,613,1239,210,24,117,575,113,2.96,28,900,484
1961,pacific,2,東映フライヤーズ,140,83,52,5,.611,.264,4812,614,1271,247,56,108,570,133,2.39,49,785,442
1961,pacific,4,毎日大映オリオンズ,140,72,66,2,.521,.258,4776,601,1234,228,36,103,553,84,3.23,33,794,529
1961,pacific,3,西鉄ライオンズ,140,81,56,3,.589,.249,4624,545,1151,175,29,110,497,107,2.83,36,943,485
1961,pacific,6,近鉄バファロー,140,36,103,1,.261,.229,4726,411,1080,198,21,68,375,38,3.96,18,733,691
1961,pacific,5,阪急ブレーブス,140,53,84,3,.389,.225,4588,421,1033,190,32,65,388,93,3.56,35,736,574
1962,pacific,2,南海ホークス,133,73,57,3,.562,.253,4525,580,1143,188,24,119,536,137,3.27,26,707,510
1962,pacific,1,東映フライヤーズ,133,78,52,3,.600,.2520,4400,539,1109,173,39,85,496,149,2.42,37,762,416
1962,pacific,4,毎日大映オリオンズ,132,60,70,2,.462,.268,4580,552,1228,203,31,92,518,75,3.71,29,725,571
1962,pacific,3,西鉄ライオンズ,136,62,68,6,.477,.245,4501,483,1103,161,36,92,444,89,3.00,44,864,489
1962,pacific,6,近鉄バファローズ,131,57,73,1,.438,.2524,4417,464,1115,180,36,70,432,64,3.40,18,715,566
1962,pacific,5,阪急ブレーブス,131,60,70,1,.462,.229,4266,451,976,173,41,60,408,107,3.36,33,797,517
1963,pacific,2,南海ホークス,150,85,61,4,.582,.25621,5105,626,1308,174,32,184,598,100,2.70,43,713,485
1963,pacific,3,東映フライヤーズ,150,76,71,3,.517,.236,4959,543,1168,176,36,114,512,124,3.02,43,708,534
1963,pacific,5,毎日大映オリオンズ,150,64,85,1,.430,.246,4946,510,1218,195,19,117,480,85,3.05,34,837,535
1963,pacific,1,西鉄ライオンズ,150,86,60,4,.589,.244,5013,584,1222,175,19,146,555,102,2.69,45,811,477
1963,pacific,4,近鉄バファローズ,150,74,73,3,.503,.25620,4992,562,1279,232,31,98,520,84,3.44,25,704,614
1963,pacific,6,阪急ブレーブス,150,57,92,1,.383,.228,4968,459,1132,180,26,86,425,85,3.69,36,768,639
1964,pacific,1,南海ホークス,150,84,63,3,.571,.259,5083,653,1315,196,21,144,614,171,3.12,34,820,562
1964,pacific,4,東京オリオンズ,150,77,68,5,.531,.249,5060,535,1262,179,29,93,484,121,2.86,49,795,512
1964,pacific,3,東映フライヤーズ,150,78,68,4,.534,.250,5096,555,1273,188,36,100,509,119,2.95,35,718,530
1964,pacific,5,西鉄ライオンズ,150,63,81,6,.438,.242,5045,549,1220,191,25,116,520,78,3.57,35,622,617
1964,pacific,6,近鉄バファローズ,150,55,91,4,.377,.254,5095,546,1295,226,32,112,514,71,3.63,24,648,660
1964,pacific,2,阪急ブレーブス,150,79,65,6,.549,.245,5048,590,1235,221,27,141,543,68,3.01,49,745,547
1965,pacific,1,南海ホークス,140,88,49,3,.642,.255,4771,614,1217,197,27,153,585,91,2.80,27,785,449
1965,pacific,5,東京オリオンズ,140,62,74,4,.456,.232,4664,476,1083,178,24,117,450,110,2.90,46,693,472
1965,pacific,2,東映フライヤーズ,140,76,61,3,.555,.240,4606,501,1104,161,27,107,467,98,2.88,49,724,474
1965,pacific,3,西鉄ライオンズ,140,72,64,4,.529,.246,4676,506,1148,186,14,112,480,81,3.00,48,757,476
1965,pacific,6,近鉄バファローズ,140,46,92,2,.333,.235,4620,397,1087,163,11,91,373,61,3.61,35,552,574
1965,pacific,4,阪急ブレーブス,140,67,71,2,.486,.234,4648,500,1089,187,17,130,466,68,3.33,46,718,549
1966,pacific,1,南海ホークス,133,79,51,3,.608,.245,4374,477,1073,155,20,108,452,85,2.59,32,650,394
1966,pacific,4,東京オリオンズ,134,61,69,4,.469,.240,4424,462,1061,159,21,112,432,75,2.93,44,653,460
1966,pacific,3,東映フライヤーズ,136,70,60,6,.538,.256,4521,480,1157,166,33,91,451,69,2.75,49,659,443
1966,pacific,2,西鉄ライオンズ,138,75,55,8,.577,.231,4497,426,1038,175,25,125,407,82,2.13,32,767,354
1966,pacific,6,近鉄バファローズ,133,48,82,3,.369,.228,4365,388,997,179,17,100,368,68,3.60,21,656,538
1966,pacific,5,阪急ブレーブス,134,57,73,4,.438,.229,4350,447,997,179,27,89,411,102,3.31,43,672,491
1967,pacific,4,南海ホークス,133,64,66,3,.492,.235,4385,450,1030,152,21,108,428,90,3.04,32,650,438
1967,pacific,5,東京オリオンズ,137,61,69,7,.469,.240,4556,463,1093,167,25,87,423,115,3.01,33,736,483
1967,pacific,3,東映フライヤーズ,134,65,65,4,.500,.260,4469,510,1164,171,28,97,488,95,3.19,33,731,472
1967,pacific,2,西鉄ライオンズ,140,66,64,10,.508,.222,4569,407,1014,154,20,98,387,99,2.50,38,764,418
1967,pacific,6,近鉄バファローズ,132,59,71,2,.454,.2510,4373,465,1098,143,18,104,441,73,3.83,31,717,567
1967,pacific,1,阪急ブレーブス,134,75,55,4,.577,.2513,4413,518,1109,163,24,143,494,87,2.79,48,695,435
1968,pacific,2,南海ホークス,136,79,51,6,.608,.243,4491,548,1090,161,33,127,515,109,2.921,41,591,445
1968,pacific,3,東京オリオンズ,139,67,63,9,.515,.262,4794,578,1254,196,19,155,552,80,3.32,46,655,553
1968,pacific,6,東映フライヤーズ,135,51,79,5,.392,.248,4516,472,1119,134,20,118,454,61,3.97,32,666,607
1968,pacific,5,西鉄ライオンズ,133,56,74,3,.431,.237,4393,464,1043,157,16,110,439,107,3.17,27,687,486
1968,pacific,4,近鉄バファローズ,135,57,73,5,.438,.234,4424,421,1034,157,19,84,398,151,3.28,31,822,491
1968,pacific,1,阪急ブレーブス,134,80,50,4,.615,.242,4389,538,1062,177,16,154,517,122,2.922,40,763,439
1969,pacific,3,ロッテ・オリオンズ,130,69,54,7,.561,.260,4400,555,1146,161,23,142,529,112,3.11,39,685,475
1969,pacific,6,南海ホークス,130,50,76,4,.397,.241,4303,409,1035,122,20,85,380,97,3.56,38,496,530
1969,pacific,4,東映フライヤーズ,130,57,70,3,.449,.2537,4434,488,1125,160,26,116,459,84,3.35,30,688,502
1969,pacific,5,西鉄ライオンズ,130,51,75,4,.405,.225,4250,418,957,147,13,119,405,55,3.40,35,604,507
1969,pacific,2,近鉄バファローズ,130,73,51,6,.589,.243,4261,482,1035,137,27,118,455,120,2.78,55,736,418
1969,pacific,1,阪急ブレーブス,130,76,50,4,.603,.2536,4302,543,1091,170,14,154,513,128,3.18,42,558,463
1970,pacific,1,ロッテ・オリオンズ,130,80,47,3,.630,.263,4304,599,1132,162,21,166,566,141,3.23,64,717,472
1970,pacific,2,南海ホークス,130,69,57,4,.548,.255,4425,589,1127,168,12,147,566,84,3.43,31,593,510
1970,pacific,5,東映フライヤーズ,130,54,70,6,.435,.253,4345,521,1100,144,25,147,501,110,4.18,32,665,599
1970,pacific,6,西鉄ライオンズ,130,43,78,9,.355,.225,4253,417,956,129,9,137,404,77,4.12,25,633,576
1970,pacific,3,近鉄バファローズ,130,65,59,6,.524,.233,4233,424,987,154,20,108,408,152,2.98,47,700,442
1970,pacific,4,阪急ブレーブス,130,64,64,2,.500,.244,4275,560,1043,184,14,116,526,190,3.57,45,658,511
1971,pacific,2,ロッテ・オリオンズ,130,80,46,4,.635,.270,4425,654,1194,163,20,193,625,124,3.77,52,673,542
1971,pacific,4,南海ホークス,130,61,65,4,.484,.260,4455,614,1157,166,17,156,587,94,4.27,39,517,612
1971,pacific,5,東映フライヤーズ,130,44,74,12,.373,.2413871,4412,477,1065,140,23,131,453,106,3.96,33,581,587
1971,pacific,6,西鉄ライオンズ,130,38,84,8,.311,.231,4295,425,992,153,12,114,394,113,4.31,20,534,623
1971,pacific,3,近鉄バファローズ,130,65,60,5,.520,.2413875,4209,469,1016,116,13,151,447,109,3.21,47,735,481
1971,pacific,1,阪急ブレーブス,130,80,39,11,.672,.273,4384,669,1195,179,16,166,638,184,3.17,56,630,463
1972,pacific,5,ロッテ・オリオンズ,130,59,68,3,.465,.264,4414,583,1166,191,17,148,553,127,4.54,30,542,621
1972,pacific,3,南海ホークス,130,65,61,4,.5158,.253,4357,512,1102,150,16,133,496,102,3.48,35,504,511
1972,pacific,4,東映フライヤーズ,130,63,61,6,.508,.270,4330,595,1169,184,16,149,570,96,3.82,40,649,546
1972,pacific,6,西鉄ライオンズ,130,47,80,3,.370,.242,4236,439,1023,157,17,110,412,97,4.12,26,524,598
1972,pacific,2,近鉄バファローズ,130,64,60,6,.5161,.248,4315,486,1071,153,11,123,465,90,3.07,42,691,453
1972,pacific,1,阪急ブレーブス,130,80,48,2,.625,.260,4275,594,1113,174,27,167,563,202,3.19,44,571,480
1973,pacific,3,ロッテ・オリオンズ,130,70,49,11,.588,.264,4305,548,1138,154,25,139,518,112,3.43,32,645,491
1973,pacific,1,南海ホークス,130,68,58,4,.540,.260,4363,508,1135,155,10,113,483,103,3.35,43,481,493
1973,pacific,4,太平洋クラブ・ライオンズ,130,59,64,7,.480,.239,4224,499,1011,134,18,116,470,106,3.58,34,495,509
1973,pacific,5,日拓ホーム・フライヤーズ,130,55,69,6,.444,.254,4325,511,1097,132,10,133,483,91,3.97,32,563,563
1973,pacific,6,近鉄バファローズ,130,42,83,5,.336,.237,4281,424,1015,138,16,113,409,77,3.83,34,612,580
1973,pacific,2,阪急ブレーブス,130,77,48,5,.616,.270,4382,645,1184,172,27,151,610,202,3.30,41,572,499
1974,pacific,1,ロッテ・オリオンズ,130,69,50,11,.580,.265,4290,539,1135,176,38,114,514,111,3.18,43,663,462
1974,pacific,3,南海ホークス,130,59,55,16,.518,.2456,4271,504,1049,175,26,124,472,111,3.06,30,565,460
1974,pacific,4,太平洋クラブ・ライオンズ,130,59,64,7,.480,.235,4197,436,988,141,9,90,410,88,3.46,31,560,482
1974,pacific,6,日本ハム・ファイターズ,130,49,75,6,.395,.2463,4218,472,1039,152,19,96,445,134,4.11,33,600,569
1974,pacific,5,近鉄バファローズ,130,56,66,8,.459,.230,4076,472,937,115,11,131,449,128,3.63,36,535,503
1974,pacific,2,阪急ブレーブス,130,69,51,10,.575,.258,4183,577,1079,172,21,125,541,228,3.52,24,566,524
1975,pacific,4,ロッテ・オリオンズ,130,59,65,6,.476,.259,4344,514,1124,154,32,108,479,130,3.33,37,601,494
1975,pacific,5,南海ホークス,130,57,65,8,.467,.2457,4371,524,1074,149,27,102,500,140,2.98,55,470,478
1975,pacific,3,太平洋クラブ・ライオンズ,130,58,62,10,.483,.261,4367,530,1139,156,14,135,504,95,3.73,53,523,563
1975,pacific,6,日本ハム・ファイターズ,130,55,63,12,.466,.258,4343,458,1119,139,14,100,426,81,3.89,28,492,576
1975,pacific,2,近鉄バファローズ,130,71,50,9,.587,.2459,4269,498,1050,137,19,115,483,80,3.09,58,461,448
1975,pacific,1,阪急ブレーブス,130,64,59,7,.520,.257,4304,541,1105,163,19,143,513,174,3.49,71,536,506
1976,pacific,3,ロッテ・オリオンズ,130,63,56,11,.529,.25781,4255,476,1097,152,24,99,454,94,2.96,40,663,441
1976,pacific,2,南海ホークス,130,71,56,3,.559,.2585,4262,489,1102,145,28,97,468,147,2.91,48,496,431
1976,pacific,6,太平洋クラブ・ライオンズ,130,44,76,10,.367,.2587,4336,450,1122,108,21,115,430,72,4.08,48,471,594
1976,pacific,5,日本ハム・ファイターズ,130,52,67,11,.437,.25786,4324,484,1115,163,25,107,455,80,3.72,43,606,523
1976,pacific,4,近鉄バファローズ,130,57,66,7,.463,.245,4244,457,1040,140,17,102,431,88,3.04,54,489,436
1976,pacific,1,阪急ブレーブス,130,79,45,6,.637,.256,4254,546,1091,159,29,139,518,112,3.30,70,567,477
1977,pacific,6,クラウンライター・ライオンズ,130,49,73,8,.402,.249,4293,468,1071,127,12,128,448,90,4.27,34,493,598
1977,pacific,3,ロッテ・オリオンズ,130,60,57,13,.513,.270,4320,526,1167,177,27,111,499,115,3.17,28,728,485
1977,pacific,2,南海ホークス,130,63,55,12,.534,.250,4292,502,1073,153,19,108,479,78,3.15,56,501,471
1977,pacific,5,日本ハム・ファイターズ,130,58,61,11,.487,.2454,4257,479,1045,157,21,113,458,116,3.36,37,649,485
1977,pacific,4,近鉄バファローズ,130,59,61,10,.492,.2446,4284,453,1048,142,20,92,423,120,3.31,54,501,483
1977,pacific,1,阪急ブレーブス,130,69,51,10,.575,.269,4357,569,1172,178,27,147,540,115,3.23,62,632,475
1978,pacific,5,クラウンライター・ライオンズ,130,51,67,12,.432,.268,4403,497,1181,129,15,109,482,93,3.75,51,469,582
1978,pacific,4,ロッテ・オリオンズ,130,53,62,15,.461,.269,4379,523,1180,175,18,115,496,93,4.01,37,647,587
1978,pacific,6,南海ホークス,130,42,77,11,.353,.239,4237,408,1011,123,16,78,379,79,4.01,46,482,568
1978,pacific,3,日本ハム・ファイターズ,130,55,63,12,.466,.264,4345,534,1145,170,21,131,504,92,3.98,44,533,566
1978,pacific,2,近鉄バファローズ,130,71,46,13,.607,.266,4268,572,1134,155,25,115,545,123,3.21,57,538,449
1978,pacific,1,阪急ブレーブス,130,82,39,9,.678,.283,4375,700,1239,192,34,176,667,199,3.13,58,626,482
1979,pacific,4,ロッテ・オリオンズ,130,55,63,12,.466,.274,4407,576,1208,199,18,150,547,72,4.30,43,677,597
1979,pacific,5,南海ホークス,130,46,73,11,.387,.276,4420,558,1222,183,19,125,534,100,4.86,23,471,689
1979,pacific,3,日本ハム・ファイターズ,130,63,60,7,.512,.266,4361,592,1162,204,21,131,564,185,4.09,48,525,569
1979,pacific,6,西武ライオンズ,130,45,73,12,.381,.259,4358,525,1128,178,16,140,501,61,4.60,32,637,686
1979,pacific,1,近鉄バファローズ,130,74,45,11,.622,.285,4423,672,1260,185,11,195,641,140,3.70,47,576,531
1979,pacific,2,阪急ブレーブス,130,75,44,11,.630,.281,4364,695,1228,209,35,193,667,167,3.84,64,594,546
1980,pacific,2,ロッテ・オリオンズ,130,64,51,15,.557,.280,4415,639,1237,172,13,184,607,114,4.15,48,646,588
1980,pacific,6,南海ホークス,130,48,77,5,.384,.274,4440,623,1218,204,13,183,600,80,5.63,30,476,784
1980,pacific,3,日本ハム・ファイターズ,130,66,53,11,.555,.264,4305,593,1137,151,22,167,578,115,3.61,44,706,513
1980,pacific,4,西武ライオンズ,130,62,64,4,.492,.267,4369,651,1165,154,12,219,631,45,4.43,48,687,634
1980,pacific,1,近鉄バファローズ,130,68,54,8,.557,.290,4488,791,1301,203,14,239,764,85,4.96,50,609,694
1980,pacific,5,阪急ブレーブス,130,58,67,5,.464,.262,4360,647,1144,192,24,204,625,157,5.08,50,490,731
1981,pacific,3,ロッテ・オリオンズ,130,63,57,10,.525,.277,4371,567,1210,173,19,126,547,99,4.16,29,563,597
1981,pacific,5,南海ホークス,130,53,65,12,.449,.273,4403,544,1201,175,22,128,524,85,4.37,41,452,619
1981,pacific,1,日本ハム・ファイターズ,130,68,54,8,.557,.276,4338,610,1199,197,23,126,591,118,3.81,44,631,554
1981,pacific,4,西武ライオンズ,130,61,61,8,.500,.2673,4306,599,1151,183,29,143,574,72,3.62,46,569,513
1981,pacific,6,近鉄バファローズ,130,54,72,4,.429,.253,4324,557,1095,166,19,149,528,121,4.10,41,543,576
1981,pacific,2,阪急ブレーブス,130,68,58,4,.540,.2666,4317,579,1151,181,24,140,551,140,4.01,48,438,597
1982,pacific,5,ロッテ・オリオンズ,130,54,69,7,.439,.263,4287,531,1129,190,15,123,514,84,4.24,55,581,600
1982,pacific,6,南海ホークス,130,53,71,6,.427,.255,4267,452,1088,184,13,90,426,72,4.05,34,447,575
1982,pacific,2,日本ハム・ファイターズ,130,67,52,11,.563,.266,4278,551,1137,222,27,127,531,85,3.63,31,686,518
1982,pacific,1,西武ライオンズ,130,68,58,4,.540,.253,4226,529,1070,164,15,131,504,70,3.31,38,648,461
1982,pacific,3,近鉄バファローズ,130,63,57,10,.525,.258,4299,594,1108,175,14,151,567,126,4.11,71,523,577
1982,pacific,4,阪急ブレーブス,130,62,60,8,.508,.256,4213,596,1078,176,24,150,559,142,3.73,46,572,522
1983,pacific,6,ロッテ・オリオンズ,130,43,76,11,.361,.264,4295,525,1134,158,21,128,505,78,5.12,24,581,710
1983,pacific,5,南海ホークス,130,52,69,9,.430,.268,4332,548,1160,173,20,128,524,87,4.75,41,450,659
1983,pacific,3,日本ハム・ファイターズ,130,64,59,7,.520,.275,4306,581,1182,181,10,153,554,124,3.82,21,607,540
1983,pacific,1,西武ライオンズ,130,86,40,4,.683,.278,4333,700,1204,201,26,182,685,58,3.20,37,560,440
1983,pacific,4,近鉄バファローズ,130,52,65,13,.444,.262,4271,581,1121,177,19,134,559,139,4.49,46,510,626
1983,pacific,2,阪急ブレーブス,130,67,55,8,.549,.272,4228,632,1148,177,32,157,596,200,4.16,54,537,592
1984,pacific,2,ロッテ・オリオンズ,130,64,51,15,.557,.275,4371,632,1202,210,22,149,609,92,4.22,48,572,602
1984,pacific,5,南海ホークス,130,53,65,12,.449,.269,4335,633,1164,208,19,159,606,96,4.89,35,553,697
1984,pacific,6,日本ハム・ファイターズ,130,44,73,13,.376,.259,4281,571,1110,190,16,144,545,101,4.98,27,570,688
1984,pacific,3,西武ライオンズ,130,62,61,7,.504,.256,4214,593,1078,200,20,153,572,86,4.10,43,600,565
1984,pacific,4,近鉄バファローズ,130,58,61,11,.487,.257,4343,609,1114,161,13,174,593,91,4.36,36,500,647
1984,pacific,1,阪急ブレーブス,130,75,45,10,.625,.272,4277,671,1165,166,21,166,643,118,3.72,56,608,510
1985,pacific,2,ロッテ・オリオンズ,130,64,60,6,.516,.287,4455,720,1279,189,21,168,695,98,4.80,36,642,711
1985,pacific,6,南海ホークス,130,44,76,10,.367,.260,4361,603,1133,196,19,149,573,91,5.05,40,484,740
1985,pacific,5,日本ハム・ファイターズ,130,53,65,12,.449,.265,4370,636,1158,174,15,169,606,51,4.36,33,730,627
1985,pacific,1,西武ライオンズ,130,79,45,6,.637,.2715,4302,655,1168,188,26,155,625,93,3.82,50,645,543
1985,pacific,3,近鉄バファローズ,130,63,60,7,.5121,.2718,4374,678,1189,195,18,212,654,71,5.10,17,543,731
1985,pacific,4,阪急ブレーブス,130,64,61,5,.5120,.274,4376,758,1197,186,21,197,719,156,4.98,59,620,698
1986,pacific,4,ロッテ・オリオンズ,130,57,64,9,.471,.2808,4376,622,1229,169,14,171,593,94,4.342,31,713,609
1986,pacific,6,南海ホークス,130,49,73,8,.402,.251,4256,459,1067,152,11,136,445,70,4.46,44,616,626
1986,pacific,5,日本ハム・ファイターズ,130,57,65,8,.467,.262,4366,548,1143,185,23,151,529,82,4.10,28,734,571
1986,pacific,1,西武ライオンズ,130,68,49,13,.581,.2806,4336,647,1217,187,27,185,626,129,3.69,43,769,514
1986,pacific,2,近鉄バファローズ,130,66,52,12,.559,.271,4385,611,1188,204,26,183,584,56,4.337,26,701,622
1986,pacific,3,阪急ブレーブス,130,63,57,10,.525,.277,4431,631,1228,197,18,180,594,100,4.11,39,710,576
1987,pacific,5,ロッテ・オリオンズ,130,51,65,14,.440,.264,4284,518,1132,184,21,104,486,152,3.67,39,741,525
1987,pacific,4,南海ホークス,130,57,63,10,.475,.261,4231,502,1104,134,8,132,484,58,3.86,47,637,556
1987,pacific,3,日本ハム・ファイターズ,130,63,60,7,.512,.259,4294,561,1111,170,13,128,534,64,3.96,36,748,562
1987,pacific,1,西武ライオンズ,130,71,45,14,.612,.249,4237,525,1056,160,18,153,510,123,2.96,66,635,434
1987,pacific,6,近鉄バファローズ,130,52,69,9,.430,.270,4438,528,1198,187,16,135,512,81,4.22,43,682,599
1987,pacific,2,阪急ブレーブス,130,64,56,10,.533,.272,4407,584,1198,208,8,152,553,62,3.89,45,751,542
1988,pacific,6,ロッテ・オリオンズ,130,54,74,2,.422,.262,4333,486,1136,191,16,100,461,106,4.38,37,833,601
1988,pacific,5,南海ホークス,130,58,71,1,.450,.267,4302,578,1149,156,21,162,555,75,4.07,36,604,607
1988,pacific,3,日本ハム・ファイターズ,130,62,65,3,.488,.245,4256,455,1043,164,10,101,428,43,3.12,52,795,448
1988,pacific,1,西武ライオンズ,130,73,51,6,.589,.270,4361,645,1176,178,20,176,613,95,3.61,60,578,531
1988,pacific,2,近鉄バファローズ,130,74,52,4,.587,.253,4188,515,1058,173,22,154,497,46,3.23,36,713,446
1988,pacific,4,阪急ブレーブス,130,60,68,2,.469,.264,4302,532,1134,173,20,117,498,51,4.08,50,646,578
1989,pacific,2,オリックス・ブレーブス,130,72,55,3,.567,.278,4356,665,1210,200,23,170,647,66,4.26,32,729,616
1989,pacific,6,ロッテ・オリオンズ,130,48,74,8,.393,.2657,4418,558,1174,213,24,119,525,99,4.50,46,793,644
1989,pacific,5,日本ハム・ファイターズ,130,54,73,3,.425,.2659,4313,527,1147,186,20,131,504,144,4.20,36,742,571
1989,pacific,4,福岡ダイエーホークス,130,59,64,7,.480,.257,4309,610,1107,199,20,166,586,85,4.74,28,641,678
1989,pacific,3,西武ライオンズ,130,69,53,8,.566,.271,4300,644,1166,184,32,150,612,149,3.856,54,717,543
1989,pacific,1,近鉄バファローズ,130,71,54,5,.568,.261,4338,606,1134,210,17,157,580,45,3.859,42,747,558
1990,pacific,2,オリックス・ブレーブス,130,69,57,4,.548,.271,4361,690,1181,190,25,186,657,134,4.30,36,814,619
1990,pacific,5,ロッテ・オリオンズ,130,57,71,2,.445,.262,4360,571,1141,202,31,132,541,95,4.22,28,835,622
1990,pacific,4,日本ハム・ファイターズ,130,66,63,1,.512,.2627,4343,570,1141,204,20,128,534,76,3.68,41,811,542
1990,pacific,6,福岡ダイエーホークス,130,41,85,4,.325,.251,4335,522,1089,211,23,116,487,61,5.56,28,745,757
1990,pacific,1,西武ライオンズ,130,81,45,4,.643,.2628,4226,634,1111,186,21,162,584,175,3.48,46,872,487
1990,pacific,3,近鉄バファローズ,130,67,60,3,.528,.275,4459,678,1226,224,28,181,640,67,4.34,44,825,638
1991,pacific,3,オリックス・ブルーウェーブ,130,64,63,3,.504,.261,4379,554,1145,202,32,127,531,76,3.90,38,748,557
1991,pacific,6,ロッテ・オリオンズ,130,48,77,5,.384,.260,4324,484,1124,195,27,89,447,61,4.23,40,778,599
1991,pacific,4,日本ハム・ファイターズ,130,53,72,5,.424,.251,4242,463,1065,164,18,112,448,81,3.72,30,665,523
1991,pacific,5,福岡ダイエーホークス,130,53,73,4,.421,.253,4325,557,1096,192,21,152,537,141,4.74,35,648,661
1991,pacific,1,西武ライオンズ,130,81,43,6,.653,.2651,4265,624,1131,205,18,155,593,104,3.22,48,812,439
1991,pacific,2,近鉄バファローズ,130,77,48,5,.616,.2650,4312,592,1143,184,27,157,568,62,3.46,43,756,495
1992,pacific,3,オリックス・ブルーウェーブ,130,61,64,5,.488,.272,4384,540,1191,220,33,88,507,72,3.58,50,774,503
1992,pacific,6,千葉ロッテマリーンズ,130,54,74,2,.422,.241,4247,460,1023,193,29,89,442,67,3.82,37,886,540
1992,pacific,5,日本ハム・ファイターズ,130,54,73,3,.425,.259,4307,497,1115,170,20,99,472,66,4.20,40,755,579
1992,pacific,4,福岡ダイエーホークス,130,57,72,1,.442,.258,4296,534,1109,167,21,139,519,115,4.60,45,604,637
1992,pacific,1,西武ライオンズ,130,80,47,3,.630,.278,4300,658,1196,213,14,159,623,116,3.52,34,884,495
1992,pacific,2,近鉄バファローズ,130,74,50,6,.597,.247,4272,580,1057,181,30,155,557,112,3.69,30,897,515
1993,pacific,3,オリックス・ブルーウェーブ,130,70,56,4,.556,.253,4343,516,1100,192,16,125,493,83,3.24,48,899,471
1993,pacific,5,千葉ロッテマリーンズ,130,51,77,2,.398,.251,4296,487,1078,219,29,95,465,75,4.08,34,870,583
1993,pacific,2,日本ハム・ファイターズ,130,71,52,7,.577,.259,4315,558,1117,202,18,106,527,130,3.37,39,762,478
1993,pacific,6,福岡ダイエーホークス,130,45,80,5,.360,.246,4349,434,1071,190,33,75,414,95,4.22,33,665,596
1993,pacific,1,西武ライオンズ,130,74,53,3,.583,.260,4276,512,1111,184,26,114,481,90,2.96,33,927,421
1993,pacific,4,近鉄バファローズ,130,66,59,5,.528,.258,4338,562,1118,181,29,145,530,124,3.62,30,927,520
1994,pacific,2,オリックス・ブルーウェーブ,130,68,59,3,.5354,.285,4453,601,1268,224,20,92,568,61,3.93,33,903,563
1994,pacific,5,千葉ロッテマリーンズ,130,55,73,2,.430,.261,4378,521,1143,227,29,104,503,54,4.50,24,919,633
1994,pacific,6,日本ハム・ファイターズ,130,46,79,5,.368,.252,4327,485,1089,156,19,101,459,80,4.62,27,755,637
1994,pacific,4,福岡ダイエーホークス,130,69,60,1,.5348,.275,4465,604,1228,221,21,132,576,67,4.10,26,756,592
1994,pacific,1,西武ライオンズ,130,76,52,2,.594,.279,4377,667,1221,217,23,122,621,140,3.81,25,881,535
1994,pacific,3,近鉄バファローズ,130,68,59,3,.5354,.274,4434,701,1213,246,19,169,681,75,4.24,23,823,619
1995,pacific,1,オリックス・ブルーウェーブ,130,82,47,1,.636,.2593,4310,571,1118,192,22,115,539,82,2.88,28,938,428
1995,pacific,2,千葉ロッテマリーンズ,130,69,58,3,.543,.254,4260,481,1084,161,23,88,458,84,3.27,25,1004,461
1995,pacific,4,日本ハム・ファイターズ,130,59,68,3,.465,.237,4287,477,1016,150,15,105,456,68,3.56,24,831,503
1995,pacific,5,福岡ダイエーホークス,130,54,72,4,.429,.2586,4380,492,1133,183,27,94,469,105,4.16,19,780,580
1995,pacific,3,西武ライオンズ,130,67,57,6,.540,.246,4329,498,1066,172,18,117,471,113,2.98,20,892,427
1995,pacific,6,近鉄バファローズ,130,49,78,3,.386,.234,4290,457,1006,163,22,105,428,65,3.97,25,825,577
1996,pacific,1,オリックス・ブルーウェーブ,130,74,50,6,.597,.271,4484,607,1215,177,18,124,580,63,3.55,21,847,529
1996,pacific,5,千葉ロッテマリーンズ,130,60,67,3,.472,.252,4301,456,1086,191,20,85,437,71,3.68,18,863,525
1996,pacific,2,日本ハム・ファイターズ,130,68,58,4,.540,.249,4310,527,1073,175,26,130,502,69,3.49,30,770,502
1996,pacific,6,福岡ダイエーホークス,130,54,74,2,.422,.263,4346,551,1143,196,28,97,516,140,4.04,26,823,565
1996,pacific,3,西武ライオンズ,130,62,64,4,.492,.258,4348,517,1120,191,19,141,494,149,3.58,25,928,521
1996,pacific,4,近鉄バファローズ,130,62,67,1,.481,.255,4319,555,1103,177,17,146,533,76,4.01,24,811,571
1997,pacific,2,オリックス・ブルーウェーブ,135,71,61,3,.538,.263,4521,582,1191,208,21,111,548,70,3.61,11,788,544
1997,pacific,6,千葉ロッテマリーンズ,135,57,76,2,.429,.249,4458,466,1111,171,29,75,429,117,3.84,21,817,584
1997,pacific,4,日本ハム・ファイターズ,135,63,71,1,.470,.265,4574,572,1213,221,16,128,539,63,4.18,16,682,600
1997,pacific,5,福岡ダイエーホークス,135,63,71,1,.470,.264,4543,587,1201,188,21,132,564,94,4.26,14,861,610
1997,pacific,1,西武ライオンズ,135,76,56,3,.576,.281,4595,656,1293,231,43,110,610,200,3.63,24,892,554
1997,pacific,3,近鉄バファローズ,135,68,63,4,.519,.274,4572,603,1252,223,25,112,580,112,3.79,13,871,574
1998,pacific,3,オリックス・ブルーウェーブ,135,66,66,3,.500,.2639,4561,586,1204,225,18,140,561,42,4.03,10,824,609
1998,pacific,6,千葉ロッテマリーンズ,135,61,71,3,.462,.271,4572,581,1240,241,35,102,556,80,3.70,29,750,563
1998,pacific,2,日本ハム・ファイターズ,135,67,65,3,.508,.255,4456,635,1136,175,19,150,599,91,3.83,28,703,571
1998,pacific,4,福岡ダイエーホークス,135,67,67,1,.500,.2637,4425,546,1167,209,22,100,507,89,4.02,14,719,596
1998,pacific,1,西武ライオンズ,135,70,61,4,.534,.270,4505,586,1217,185,28,115,543,145,3.66,16,903,559
1998,pacific,5,近鉄バファローズ,135,66,67,2,.496,.267,4495,593,1198,224,28,126,564,80,4.28,16,760,629
1999,pacific,3,オリックス・ブルーウェーブ,135,68,65,2,.511,.263,4574,620,1205,205,15,112,597,69,3.637,21,782,577
1999,pacific,4,千葉ロッテマリーンズ,135,63,70,2,.474,.2567,4467,541,1147,238,34,97,515,64,3.644,18,851,538
1999,pacific,6,大阪近鉄バファローズ,135,54,77,4,.412,.2572,4497,595,1157,224,15,151,573,73,4.54,12,762,662
1999,pacific,5,日本ハム・ファイターズ,135,60,73,2,.451,.260,4559,614,1184,223,26,148,587,67,4.34,20,761,625
1999,pacific,1,福岡ダイエーホークス,135,78,54,3,.591,.2573,4511,563,1161,199,26,140,542,80,3.65,16,878,553
1999,pacific,2,西武ライオンズ,135,75,59,1,.560,.258,4438,535,1144,170,24,89,510,136,3.58,22,976,513
2000,pacific,4,オリックス・ブルーウェーブ,135,64,67,4,.489,.260,4517,638,1176,212,18,116,610,72,4.64,23,806,672
2000,pacific,5,千葉ロッテマリーンズ,135,62,67,6,.481,.259,4528,622,1175,220,24,109,587,88,4.73,12,797,708
2000,pacific,6,大阪近鉄バファローズ,135,58,75,2,.436,.262,4496,612,1176,200,34,125,583,68,4.66,20,808,687
2000,pacific,3,日本ハム・ファイターズ,135,69,65,1,.515,.278,4627,771,1285,225,31,177,735,107,4.70,26,793,664
2000,pacific,1,福岡ダイエーホークス,135,73,60,2,.549,.268,4525,630,1212,217,27,129,610,57,4.03,12,792,584
2000,pacific,2,西武ライオンズ,135,69,61,5,.531,.255,4504,614,1148,214,26,97,584,85,3.68,14,909,572
2001,pacific,4,オリックス・ブルーウェーブ,140,70,66,4,.515,.263,4768,651,1252,229,21,143,619,60,4.11,11,980,634
2001,pacific,5,千葉ロッテマリーンズ,140,64,74,2,.464,.258,4610,593,1190,237,23,133,569,55,3.93,17,816,608
2001,pacific,1,大阪近鉄バファローズ,140,78,60,2,.565,.280,4765,770,1332,235,16,211,748,35,4.98,12,860,745
2001,pacific,6,日本ハム・ファイターズ,140,53,84,3,.387,.2557,4774,593,1221,209,21,147,570,95,4.79,15,923,713
2001,pacific,2,福岡ダイエーホークス,140,76,63,1,.547,.273,4861,741,1329,222,18,203,719,98,4.49,15,760,684
2001,pacific,3,西武ライオンズ,140,73,67,0,.521,.2559,4645,620,1189,202,21,184,594,111,3.88,16,1011,584
2002,pacific,6,オリックス・ブルーウェーブ,140,50,87,3,.365,.235,4615,438,1083,201,13,102,416,86,3.58,10,929,547
2002,pacific,4,千葉ロッテマリーンズ,140,67,72,1,.482,.2466,4602,500,1135,250,20,101,478,57,3.72,13,930,565
2002,pacific,2,大阪近鉄バファローズ,140,73,65,2,.529,.258,4735,598,1223,249,20,177,579,32,3.93,9,1004,592
2002,pacific,5,日本ハム・ファイターズ,140,61,76,3,.445,.2469,4653,506,1149,213,24,146,486,72,3.856105,18,921,570
2002,pacific,3,福岡ダイエーホークス,140,73,65,2,.529,.267,4708,630,1258,227,18,160,606,72,3.856107,17,902,578
2002,pacific,1,西武ライオンズ,140,90,49,1,.647,.278,4737,672,1315,237,22,183,644,107,3.20,14,1074,492
2003,pacific,6,オリックス・ブルーウェーブ,140,48,88,4,.353,.276,4837,652,1333,257,18,174,622,74,5.95,5,892,927
2003,pacific,4,千葉ロッテマリーンズ,140,68,69,3,.496,.2713,4761,651,1292,283,30,145,628,68,4.37,19,849,665
2003,pacific,3,大阪近鉄バファローズ,140,74,64,2,.536,.274,4748,718,1302,247,23,187,695,83,4.30,18,965,632
2003,pacific,5,日本ハム・ファイターズ,140,62,74,4,.456,.269,4875,675,1310,245,20,149,645,90,4.88,6,734,738
2003,pacific,1,福岡ダイエーホークス,140,82,55,3,.599,.297,4926,822,1461,276,33,154,794,147,3.94,26,1126,588
2003,pacific,2,西武ライオンズ,140,77,61,2,.558,.2714,4770,692,1295,247,29,191,656,84,4.43,13,1026,660
2004,pacific,6,オリックス・ブルーウェーブ,133,49,82,2,.374,.283,4596,622,1300,254,25,112,587,90,5.66,9,805,807
2004,pacific,3,北海道日本ハムファイターズ,133,66,65,2,.504,.281,4681,731,1315,237,21,178,702,45,4.72,3,843,697
2004,pacific,4,千葉ロッテマリーンズ,133,65,65,3,.500,.264,4605,649,1218,278,29,143,626,49,4.40,11,878,642
2004,pacific,5,大阪近鉄バファローズ,133,61,70,2,.466,.269,4544,630,1221,221,15,121,601,59,4.46,18,832,636
2004,pacific,2,福岡ダイエーホークス,133,77,52,4,.597,.292,4654,739,1359,244,28,183,706,84,4.58,19,923,651
2004,pacific,1,西武ライオンズ,133,74,58,1,.561,.276,4604,718,1271,220,25,183,691,97,4.29,15,965,656
2005,pacific,4,オリックス・バファローズ,136,62,70,4,.470,.260,4616,527,1202,202,17,97,509,44,3.84,9,855,587
2005,pacific,5,北海道日本ハムファイターズ,136,62,71,3,.466,.254,4734,605,1203,202,22,165,585,53,3.98,9,787,606
2005,pacific,1,千葉ロッテマリーンズ,136,84,49,3,.632,.282,4730,740,1336,278,34,143,713,101,3.21,28,826,479
2005,pacific,6,東北楽天ゴールデンイーグルス,136,38,97,1,.281,.255,4577,504,1166,209,16,88,474,41,5.67,18,771,812
2005,pacific,2,福岡ソフトバンクホークス,136,89,45,2,.664,.281,4624,658,1300,225,23,172,636,72,3.46,22,1062,504
2005,pacific,3,西武ライオンズ,136,67,69,0,.493,.269,4611,604,1240,234,18,162,572,70,4.27,22,1020,636
2006,pacific,5,オリックス・バファローズ,136,52,81,3,.391,.253,4587,481,1162,195,12,106,453,51,3.84,18,723,570
2006,pacific,1,北海道日本ハムファイターズ,136,82,54,0,.603,.269,4567,567,1227,230,24,135,551,69,3.05,12,818,452
2006,pacific,4,千葉ロッテマリーンズ,136,65,70,1,.481,.252,4548,502,1147,209,24,111,486,71,3.78,19,929,562
2006,pacific,6,東北楽天ゴールデンイーグルス,136,47,85,4,.356,.258,4577,452,1183,209,16,67,422,75,4.30,12,862,651
2006,pacific,3,福岡ソフトバンクホークス,136,75,56,5,.573,.259,4543,553,1178,211,30,82,523,71,3.13,21,1029,472
2006,pacific,2,西武ライオンズ,136,80,54,2,.597,.275,4652,645,1277,231,28,131,607,111,3.64,27,1004,556
2007,pacific,6,オリックス・バファローズ,144,62,77,5,.446,.25870,4855,536,1256,208,16,119,512,41,3.67,7,916,585
2007,pacific,1,北海道日本ハムファイターズ,144,79,60,5,.568,.25871,4820,526,1247,213,27,73,498,112,3.22,19,889,489
2007,pacific,2,千葉ロッテマリーンズ,144,76,61,7,.555,.2623,4906,629,1287,253,28,107,603,90,3.26,25,872,525
2007,pacific,4,東北楽天ゴールデンイーグルス,144,67,75,2,.472,.2624,4762,575,1250,214,16,111,544,89,4.31,7,1019,676
2007,pacific,3,福岡ソフトバンクホークス,144,73,66,5,.525,.267,4936,575,1317,248,24,106,539,84,3.18,10,1066,508
2007,pacific,5,西武ライオンズ,144,66,76,2,.465,.264,4797,564,1265,231,18,126,539,118,3.82,14,889,585
2008,pacific,2,オリックス・バファローズ,144,75,68,1,.524,.262,4817,637,1261,258,25,152,613,63,3.93,7,923,605
2008,pacific,3,北海道日本ハムファイターズ,144,73,69,2,.514,.255,4726,533,1206,224,27,82,516,79,3.54,14,882,541
2008,pacific,4,千葉ロッテマリーンズ,144,73,70,1,.510,.268,4890,662,1309,280,32,127,640,76,4.14,17,915,648
2008,pacific,1,埼玉西武ライオンズ,144,76,64,4,.543,.270,4952,715,1339,270,21,198,693,107,3.86,13,944,626
2008,pacific,5,東北楽天ゴールデンイーグルス,144,65,76,3,.461,.272,4880,627,1329,232,18,94,604,101,3.89,16,1064,607
2008,pacific,6,福岡ソフトバンクホークス,144,64,77,3,.454,.265,5016,556,1330,239,32,99,535,92,4.05,21,1087,641
2009,pacific,6,オリックス・バファローズ,144,56,86,2,.394,.274,4915,585,1348,257,12,118,559,67,4.58,18,979,715
2009,pacific,1,北海道日本ハムファイターズ,144,82,60,2,.577,.278,4920,689,1370,290,27,112,656,105,3.65,17,928,550
2009,pacific,5,千葉ロッテマリーンズ,144,62,77,5,.446,.256,4885,620,1249,245,26,135,600,64,4.23,22,976,639
2009,pacific,4,埼玉西武ライオンズ,144,70,70,4,.500,.261,4933,664,1287,256,25,163,640,115,4.007,19,987,627
2009,pacific,2,東北楽天ゴールデンイーグルス,144,77,66,1,.538,.267,4846,598,1295,233,21,108,568,103,4.012,19,980,609
2009,pacific,3,福岡ソフトバンクホークス,144,74,65,5,.532,.263,4811,600,1263,239,30,129,581,126,3.69,11,1174,591
2010,pacific,5,オリックス・バファローズ,144,69,71,4,.493,.2709,4935,644,1337,251,27,146,624,34,3.97,17,1077,628
2010,pacific,4,北海道日本ハムファイターズ,144,74,67,3,.525,.274,4856,612,1330,229,20,91,585,102,3.52,15,943,548
2010,pacific,3,千葉ロッテマリーンズ,144,75,67,2,.528,.275,4916,708,1350,244,17,126,663,88,4.10,16,989,635
2010,pacific,2,埼玉西武ライオンズ,144,78,65,1,.545,.2710,4858,680,1317,243,20,150,655,111,4.19,13,927,642
2010,pacific,6,東北楽天ゴールデンイーグルス,144,62,79,3,.440,.265,4876,576,1290,233,20,95,546,78,3.98,18,962,635
2010,pacific,1,福岡ソフトバンクホークス,144,76,63,5,.547,.267,4898,638,1308,222,23,134,611,148,3.89,6,1244,615
2011,pacific,4,オリックス・バファローズ,144,69,68,7,.5036,.248,4727,478,1172,186,15,76,459,49,3.33,16,1018,518
2011,pacific,2,北海道日本ハムファイターズ,144,72,65,7,.526,.251,4736,482,1189,202,18,86,457,88,2.68,16,918,418
2011,pacific,6,千葉ロッテマリーンズ,144,54,79,11,.406,.241,4760,432,1146,178,22,46,415,101,3.40,13,832,533
2011,pacific,3,埼玉西武ライオンズ,144,68,67,9,.5037,.253,4751,571,1204,191,18,103,551,88,3.15,18,860,522
2011,pacific,5,東北楽天ゴールデンイーグルス,144,66,71,7,.482,.245,4648,432,1140,175,13,53,408,130,2.85,23,982,464
2011,pacific,1,福岡ソフトバンクホークス,144,88,46,10,.657,.267,4752,550,1271,216,34,90,528,180,2.32,21,1067,351
2012,pacific,6,オリックス・バファローズ,144,57,77,10,.425,.241,4740,443,1142,199,19,73,424,49,3.34,11,887,525
2012,pacific,1,北海道日本ハムファイターズ,144,74,59,11,.556,.256,4758,510,1220,195,20,90,485,82,2.89,13,868,450
2012,pacific,5,千葉ロッテマリーンズ,144,62,67,15,.481,.257,4732,499,1215,208,20,64,477,64,3.13,13,762,502
2012,pacific,2,埼玉西武ライオンズ,144,72,63,9,.533,.251,4648,516,1168,186,27,78,483,94,3.24,9,816,518
2012,pacific,4,東北楽天ゴールデンイーグルス,144,67,67,10,.500,.2515,4739,491,1192,175,24,52,463,119,2.99,15,915,467
2012,pacific,3,福岡ソフトバンクホークス,144,67,65,12,.508,.2524,4734,452,1195,185,32,70,439,144,2.56,16,983,429
2013,pacific,5,オリックス・バファローズ,144,66,73,5,.475,.2559,4825,513,1235,216,18,93,485,84,3.31,13,1064,529
2013,pacific,6,北海道日本ハムファイターズ,144,64,78,2,.451,.2563,4787,534,1227,200,9,105,514,120,3.74,6,824,604
2013,pacific,3,千葉ロッテマリーンズ,144,74,68,2,.521,.262,4798,572,1257,206,29,91,532,91,3.77,3,899,584
2013,pacific,2,埼玉西武ライオンズ,144,74,66,4,.529,.257,4775,570,1226,185,31,86,540,113,3.54,17,984,562
2013,pacific,1,東北楽天ゴールデンイーグルス,144,82,59,3,.582,.267,4819,628,1287,208,20,97,593,62,3.51,13,958,537
2013,pacific,4,福岡ソフトバンクホークス,144,73,69,2,.514,.274,4915,660,1348,225,31,125,635,87,3.56,6,985,562
2014,pacific,2,オリックス・バファローズ,144,80,62,2,.563,.258,4710,584,1215,211,22,110,559,126,2.89,10,1127,468
2014,pacific,3,北海道日本ハムファイターズ,144,73,68,3,.518,.2511,4731,593,1188,188,29,119,564,134,3.61,8,1000,569
2014,pacific,4,千葉ロッテマリーンズ,144,66,76,2,.465,.2508,4836,556,1213,260,33,96,519,64,4.14,8,874,642
2014,pacific,5,埼玉西武ライオンズ,144,63,77,4,.450,.248,4782,574,1187,221,26,125,549,74,3.77,9,914,600
2014,pacific,6,東北楽天ゴールデンイーグルス,144,64,80,0,.444,.255,4768,549,1214,215,18,78,518,64,3.97,11,1005,604
2014,pacific,1,福岡ソフトバンクホークス,144,78,60,6,.565,.280,4935,607,1383,227,30,95,574,124,3.25,7,1077,522
2015,pacific,5,オリックス・バファローズ,143,61,80,2,.433,.249,4725,519,1175,184,16,94,508,88,3.59,7,955,548
2015,pacific,2,北海道日本ハムファイターズ,143,79,62,2,.560,.258,4802,615,1238,205,27,106,578,134,3.62,11,993,581
2015,pacific,3,千葉ロッテマリーンズ,143,73,69,1,.514,.257,4767,561,1227,203,34,85,531,71,3.693,5,926,563
2015,pacific,4,埼玉西武ライオンズ,143,69,69,5,.500,.263,4818,631,1265,243,21,136,602,66,3.685,9,873,573
2015,pacific,6,東北楽天ゴールデンイーグルス,143,57,83,3,.407,.241,4777,463,1150,180,16,85,440,118,3.82,4,1023,612
2015,pacific,1,福岡ソフトバンクホークス,143,90,49,4,.647,.267,4852,651,1294,217,22,141,619,94,3.16,10,1129,491
2016,pacific,6,オリックス・バファローズ,143,57,83,3,.407,.253,4747,499,1199,208,12,84,475,104,4.18,7,956,635
2016,pacific,1,北海道日本ハムファイターズ,143,87,53,3,.621,.266,4795,619,1277,179,13,121,585,132,3.06,9,1004,467
2016,pacific,3,千葉ロッテマリーンズ,143,72,68,3,.514,.256,4810,583,1230,216,30,80,559,77,3.66,12,855,582
2016,pacific,4,埼玉西武ライオンズ,143,64,76,3,.457,.264,4881,619,1287,219,19,128,591,97,3.85,8,956,618
2016,pacific,5,東北楽天ゴールデンイーグルス,143,62,78,3,.443,.257,4806,544,1234,170,32,101,518,56,4.11,3,1026,654
2016,pacific,2,福岡ソフトバンクホークス,143,83,54,6,.606,.261,4744,637,1240,188,30,114,609,107,3.09,7,1158,479
2017,pacific,4,オリックス・バファローズ,143,63,79,1,.444,.251,4770,539,1197,190,23,127,519,33,3.83,13,1015,598
2017,pacific,5,北海道日本ハムファイターズ,143,60,83,0,.420,.242,4749,509,1147,189,18,108,482,86,3.82,6,968,596
2017,pacific,6,千葉ロッテマリーンズ,143,54,87,2,.383,.233,4718,479,1098,215,29,95,455,78,4.22,11,939,647
2017,pacific,2,埼玉西武ライオンズ,143,79,61,3,.564,.264,4792,690,1264,236,28,153,660,129,3.53,10,967,560
2017,pacific,3,東北楽天ゴールデンイーグルス,143,77,63,3,.550,.254,4812,585,1221,214,18,135,553,42,3.33,13,1144,528
2017,pacific,1,福岡ソフトバンクホークス,143,94,49,0,.657,.259,4671,638,1208,202,32,164,613,73,3.22,4,1203,483
